,SiO2,TiO2,Al2O3,FeO,MnO,MgO,CaO,Na2O,K2O,P2O5
nan,76.20992234,0.082669813,13.11733544,0.658422611,0.01000118,0.088065529,1.017840081,3.464982887,4.785536418,0.003729439
nan,76.67580516,0.092849372,13.00861025,0.618348374,0.009346432,0.071942206,1.031624464,3.424271501,4.77144298,0.009844829
nan,75.85254821,0.087600826,13.09659032,0.659167486,0.009656762,0.101352696,1.06109406,3.390773491,4.953817514,0.004634573
nan,76.22116976,0.098807469,13.15704906,0.573577314,0.008389371,0.083749784,1.0138461,3.414706072,4.827765705,0.011674524
nan,76.29069518,0.084832889,13.08678207,0.693228453,0.008573949,0.102070134,1.115387129,3.607057129,4.828967427,0.010185072
nan,75.80892925,0.101576708,12.98947729,0.67637228,0.005356029,0.096326692,1.020667489,3.597178626,4.879248842,0.016170725
nan,75.61031464,0.079104687,13.16016773,0.716734656,0.005264591,0.074024234,1.013328274,3.38981731,4.903268423,0.014667229
nan,76.36085216,0.075219149,13.11621679,0.653868113,0.010663107,0.083434416,1.042881364,3.458913289,4.784861347,0.00581868
nan,75.87776696,0.095284764,12.99352159,0.575141444,0.009457853,0.070135618,0.97600182,3.601363544,4.831728161,0.011846699
nan,76.53939874,0.093325868,13.09413724,0.606814868,0.005237118,0.037233319,0.984927828,3.493864415,4.838152987,0.014824006
nan,75.89734973,0.107600851,13.23390767,0.728707424,0.008165082,0.076443448,0.965465472,3.493326579,4.809868258,0.008902266
nan,75.9437439,0.098256943,12.92941886,0.595813422,0.0079934,0.070396377,1.076393847,3.443220115,4.867670277,0.010222791
nan,76.5521815,0.094289847,13.08067322,0.703768061,0.008140574,0.095905489,1.072837242,3.554244845,4.794145684,0.00192238
nan,76.32640311,0.101844728,13.07753551,0.681930071,0.009083304,0.090287989,1.084014716,3.46062331,4.892398387,0.003876441
nan,75.91573002,0.103720659,12.64985379,0.693854208,0.009124156,0.074235103,1.073265945,3.425568703,4.878253988,0.017995511
nan,76.67077208,0.090312322,13.14857161,0.670704687,0.011808677,0.076903933,1.027151232,3.333515666,4.821921237,0.007238673
nan,76.76084426,0.084817719,12.99987889,0.605608605,0.006608646,0.053183645,0.962472383,3.331991835,4.843501615,0.008049594
nan,75.03869274,0.09136892,13.09879872,0.601161989,0.00747104,0.057718514,1.089387844,3.446432634,4.892274371,0.010598738
nan,76.05556795,0.101666758,13.29040234,0.687415201,0.012133794,0.011086148,0.980404369,3.373157731,4.853923699,0.02154302
nan,75.90257643,0.074372388,13.20493527,0.597061072,0.010149513,0.077393696,0.99608638,3.512754372,4.812718864,0.006028035
nan,75.33477427,0.098455786,13.06301632,0.605740501,0.008781291,0.121652876,1.089589265,3.683776372,4.846874676,-0.002857305
nan,76.48760877,0.094716263,13.16052098,0.562970907,0.008249615,0.114269672,0.987988129,3.402318831,4.912735413,0.015895051
nan,76.74783031,0.111297838,12.96020199,0.524509654,0.0077957,0.045425089,1.043496613,3.492970857,4.89718823,0.007668689
nan,76.05742822,0.096780371,13.25738851,0.635716563,0.007711452,0.090951469,1.043647455,3.341635013,4.845450748,0.005701223
nan,75.86297693,0.087985531,13.10876381,0.630127369,0.01082173,0.1045003,1.000553475,3.42649588,4.834631208,0.019031292
nan,76.33211965,0.085681289,12.97558221,0.716020335,0.005855217,0.071171416,1.091519867,3.426077272,4.852927637,0.013721586
nan,76.48196636,0.092060941,13.20101594,0.516689813,0.005327277,0.075552958,1.032817513,3.578557821,4.80352449,0.007276668
nan,76.04254413,0.089591844,13.07737545,0.620521888,0.009146959,0.112591015,0.98646158,3.671514365,4.891562167,0.013703572
nan,75.70539876,0.100837208,12.84690164,0.602900165,0.008029817,0.085717804,1.018096328,3.485875644,4.840634529,0.005975134
nan,76.02224624,0.092915276,12.94150726,0.581681147,0.008127755,0.080013441,1.018801104,3.478558536,4.86249743,0.005578962
nan,76.17512737,0.081526151,12.85760632,0.680596123,0.008245769,0.053226704,1.051754904,3.472262637,4.791918225,0.015308931
nan,75.92259127,0.113992119,13.1259137,0.603156413,0.009692965,0.075357541,1.040051981,3.470450599,4.892776154,0.010780646
nan,75.74644807,0.080358239,13.00411166,0.604045707,0.004943845,0.092697342,1.056609134,3.394294569,4.820584602,0.002034344
nan,76.26764094,0.084077764,13.15178285,0.690354824,0.004348775,0.029880654,1.014437713,3.393299072,4.795971412,0.006211079
nan,75.8030212,0.105760305,13.0051668,0.600681028,0.013277145,0.109054458,0.990567835,3.436556188,4.833734739,0.008820124
nan,76.25635712,0.08160174,12.95885545,0.64937135,0.007664391,0.105026431,1.045689418,3.323621244,4.873237197,0.008053516
nan,75.71580798,0.088273679,12.97695454,0.731643964,0.00895875,0.091581913,1.036663389,3.39071458,4.853477831,0.007698649
nan,76.26445606,0.117676154,12.87461385,0.624281689,0.008193919,0.086757203,1.125805069,3.443513296,4.778999067,0.008359471
nan,75.34815596,0.085592507,13.12221575,0.622679112,0.006940516,0.081772265,1.027996066,3.503365341,4.860313981,0.001505814
nan,75.8681873,0.070649628,13.33686791,0.655422402,0.006754816,0.120781979,1.033132579,3.517715462,4.831514759,0.001938423
nan,76.1546031,0.096183947,13.24536525,0.709640028,0.00794487,0.090252253,0.984651187,3.672712367,4.855953545,0.016813014
nan,75.85482888,0.092543402,13.18830933,0.68009703,0.007146616,0.084310453,0.942802604,3.417382437,4.748352877,0.001995137
nan,76.44266191,0.077369675,12.91076226,0.630626326,0.010531767,0.082983119,1.040599034,3.543962988,4.932595544,0.010543671
nan,76.05744347,0.096536518,13.28914803,0.676901368,0.008319602,0.094029332,1.041702082,3.423930507,4.761508454,0.017664068
nan,76.22681148,0.087784874,13.18285503,0.610064801,0.007406264,0.066693146,1.021232725,3.466804605,4.783826741,0.006452366
nan,76.08393608,0.079632661,13.27039454,0.666103253,0.005762539,0.05812829,1.055371917,3.558244933,4.835282608,-0.002201045
nan,75.81381365,0.09601905,13.10125672,0.593155967,0.008550132,0.041983216,1.031123677,3.371627762,4.72255643,0.005860752
nan,76.01906594,0.071958959,13.05293902,0.653457015,0.005326096,0.070119615,0.971616874,3.444796991,4.836296634,0.013970428
nan,75.92494471,0.07996484,12.82021509,0.675164764,0.008272175,0.061286502,1.002690101,3.484070238,4.851445409,0.00102274
nan,75.97647044,0.08047989,12.81385812,0.703820939,0.011303978,0.070137754,1.005251339,3.39188039,4.8149986,0.015814612
nan,75.67993327,0.084306843,12.90387316,0.612027845,0.009752502,0.031857984,0.931640373,3.665688222,4.80884951,0.004418911
nan,76.27946642,0.086805702,13.13798377,0.63757447,0.008233089,0.060272869,1.039578427,3.508203942,4.880965559,0.007596462
nan,75.89358455,0.099112701,13.04096696,0.649061909,0.002971976,0.051129712,1.051365221,3.415796903,4.830660902,0.01031933
nan,76.05791722,0.070861902,13.15906992,0.613941845,0.007703472,0.086452909,1.044642568,3.506926158,4.80910279,0.015034013
nan,75.54286544,0.078151065,13.0532155,0.607624536,0.006940187,0.043511927,1.098527383,3.307854917,4.843030506,0.015137615
nan,76.29853958,0.09073377,13.35303594,0.633140297,0.00615271,0.070780005,0.997750416,3.434342961,4.786430992,-0.003213563
nan,76.35335128,0.074695779,13.01616127,0.739320594,0.008594043,0.107662169,0.956796355,3.314397648,4.947385538,0.006015051
nan,76.35822509,0.077928547,12.97965833,0.679809827,0.010486451,0.057969548,1.072055734,3.342046797,4.688261561,0.005641608
nan,75.48762825,0.089440486,13.31475671,0.573527313,0.006210831,0.042579601,1.00534002,3.523659705,4.939623222,0.018499891
nan,76.47167659,0.074339546,13.16625921,0.579466445,0.008404469,0.070867309,0.998305364,3.408227281,4.919253701,0.016948641
nan,75.54954856,0.08138698,13.18410828,0.685241786,0.008186698,0.070701873,1.001648828,3.369649932,4.833971114,0.004870109
nan,76.44146946,0.093597868,12.77837697,0.599606272,0.003929753,0.071045175,1.095959231,3.431634566,4.886120072,0.011122609
nan,75.35929066,0.074717925,13.25672817,0.665909618,0.009032514,0.109755022,0.925119635,3.284152628,4.873231399,0.014563454
nan,75.72739199,0.07639777,13.01936711,0.687697423,0.007990589,0.07946758,0.994461103,3.329013791,4.760428413,0.010630776
nan,76.14846378,0.085090556,13.26627293,0.623371426,0.008795916,0.061931587,1.049877174,3.462787352,4.877978497,0.00776683
nan,75.99876859,0.096531,13.0191591,0.734996282,0.010907252,0.063000821,0.945494341,3.569813304,4.813427277,-0.001655652
nan,75.85825265,0.07131516,13.19618903,0.652940492,0.008822961,0.092464169,0.95092053,3.478598352,4.793856457,0.013944072
nan,76.02686483,0.089569433,12.9889323,0.64491214,0.007559497,0.080268949,1.02094035,3.579989911,4.844039451,0.008705188
nan,75.91530878,0.079154823,12.99456447,0.675297094,0.006707032,0.075985515,0.981902382,3.485053474,4.808749372,0.005289408
nan,76.80412993,0.098063139,12.99838676,0.668858347,0.006657028,0.081465136,1.053812075,3.414185651,4.851032458,0.00844486
nan,76.47565324,0.077286672,13.2874674,0.689491599,0.00788887,0.093269252,1.068116295,3.351983886,4.930942012,0.002883974
nan,76.3327449,0.068398267,13.23426567,0.658258155,0.009961542,0.07130938,1.035422632,3.535392515,4.828316414,0.012431919
nan,77.01565789,0.111273131,12.99133933,0.589962501,0.011835127,0.059190182,0.971230309,3.385766644,4.812089193,0.006626695
nan,75.70310838,0.110535525,13.1479362,0.675860693,0.007232369,0.09412963,1.000860978,3.438317707,4.776487291,0.00957448
nan,75.97044439,0.081027287,13.13420688,0.554839556,0.010081592,0.041469367,1.024943966,3.348091978,4.897733975,0.012904382
nan,76.68712266,0.099220787,12.94284685,0.596068427,0.008254555,0.068246582,0.990097865,3.525415497,4.870865806,0.009559875
nan,76.73388971,0.108549789,13.26940267,0.645912826,0.008445978,0.091695764,0.987718527,3.204871651,4.841404686,0.008925856
nan,75.89988113,0.109543685,13.06449495,0.698208044,0.008452014,0.072187541,1.009803895,3.284991899,4.940890299,0.009347282
nan,76.42908701,0.075597244,13.03395783,0.629282607,0.008908776,0.055306364,1.083613187,3.360084283,4.840232437,0.00524807
nan,75.92285827,0.087669402,13.21055891,0.724752666,0.008003678,0.110391199,1.135660757,3.472399975,4.898106855,0.006816401
nan,76.40582373,0.099565492,13.12114454,0.607925842,0.011712545,0.076126574,1.016696221,3.67103018,4.846804246,0.001170264
nan,75.98472644,0.096657421,13.11488343,0.613634758,0.007423617,0.092424619,1.032817691,3.544110006,4.898640666,0.01353301
nan,76.46388628,0.106356916,13.3887253,0.648599162,0.006550572,0.048222866,1.098997094,3.402424091,4.849913451,0.006037817
nan,76.33087223,0.089183365,13.13577135,0.616171562,0.009837729,0.085657671,1.02666373,3.484435713,4.807258516,0.01122512
nan,75.66382015,0.088615889,12.85942796,0.652617324,0.009911653,0.087719306,1.045702768,3.363380227,4.91924741,0.010729928
nan,76.47575077,0.08036483,12.9461282,0.687972915,0.007421158,0.084274347,0.993266037,3.257192989,4.895610083,0.015064296
nan,75.91405672,0.075020769,12.90835146,0.638924978,0.00688227,0.068125373,0.982598368,3.544524444,4.867483271,0.003747766
nan,76.00205103,0.098423362,13.19871201,0.696460164,0.005191594,0.054824622,1.086495313,3.449813723,4.866739529,0.005645455
nan,76.39624075,0.08194917,13.09420297,0.608789014,0.008392013,0.113299132,1.053234784,3.463626991,4.894890352,0.013541222
nan,75.77177215,0.086847239,13.0997107,0.577296581,0.010206587,0.065599467,1.082186492,3.351462851,4.827005483,0.009995786
nan,76.540402,0.110923982,13.04815436,0.762938854,0.006296945,0.06207493,1.031552122,3.49426046,4.847235183,0.01577815
nan,75.86651205,0.092851399,13.25811338,0.649217609,0.004681385,0.094379446,1.110495932,3.485498509,4.878650081,0.008948178
nan,75.90460896,0.083735047,13.1982506,0.756365135,0.011819677,0.086281288,0.965954538,3.456791105,4.874041412,0.011572715
nan,76.06943199,0.097398963,13.09979055,0.630758046,0.007121168,0.070462322,1.025679565,3.437409848,4.856800068,0.015048253
nan,75.78871542,0.083741829,13.04093754,0.696550413,0.009535795,0.106892343,0.997882295,3.282541386,4.799206028,0.003058594
nan,76.39486174,0.081697897,13.23247117,0.640113628,0.010133242,0.031864562,1.021903598,3.378960119,4.834085528,0.009711257
nan,76.29509816,0.096455107,13.01964648,0.56644283,0.005367119,0.073162096,1.053459479,3.343971386,4.843215729,0.012007676
nan,76.37192972,0.091075535,12.95141689,0.671542978,0.008460161,0.098518088,0.955716858,3.49267896,4.868159097,0.014230053
nan,76.06150567,0.082000749,13.09164455,0.628114736,0.007570957,0.078015419,1.086505334,3.377952346,4.777739096,0.011378549
nan,76.75830734,0.084785687,12.85867742,0.650876325,0.007640856,0.090456478,1.048087756,3.553164197,4.857518531,0.009612173
nan,76.7776244,0.081653482,13.06816508,0.633567452,0.007767203,0.079568363,1.041368702,3.45569812,4.888617365,0.022400567
nan,76.3426803,0.108610021,13.02952012,0.634323158,0.008461564,0.101675605,1.057742078,3.519418884,4.885102766,0.00304046
nan,76.38164645,0.074769006,13.04702394,0.634388649,0.00488119,0.06384806,1.044647412,3.472734822,4.903075014,0.012907737
nan,75.94503164,0.0972933,13.01824381,0.690083517,0.007677739,0.100779779,1.037393998,3.320394341,4.903066308,0.007720641
nan,75.74127255,0.057625207,12.9675826,0.609594752,0.003625208,0.115692839,0.979833063,3.453955462,4.835371146,0.007606137
nan,75.03137167,0.099023936,12.79756193,0.689020224,0.008330962,0.066206127,1.049980471,3.650574406,4.914239753,0.007682296
nan,76.07318054,0.074920507,12.92516685,0.627063248,0.013036684,0.10357423,1.008120974,3.447546094,4.891283863,0.020876646
nan,76.69004445,0.112350434,13.1529511,0.539556331,0.008683311,0.088593263,1.005884425,3.353758879,4.81419264,0.005248375
nan,76.40450269,0.084585509,12.86839187,0.588588895,0.008884374,0.061448969,1.074976654,3.442647512,4.788412393,-0.002207497
nan,75.70923037,0.097082292,13.35750979,0.686306778,0.004793909,0.119364261,1.067323891,3.449168897,4.766340097,0.009690265
nan,76.46484706,0.082205876,12.96079833,0.659295568,0.010035702,0.04090129,1.07968728,3.358944902,4.793937426,0.013318176
nan,76.13751509,0.10027331,12.66265846,0.641727271,0.012744394,0.020999273,0.972720376,3.452959012,4.833874667,0.021776157
nan,76.46384566,0.079466774,13.03455757,0.640587819,0.005701798,0.077009046,0.937337447,3.276864602,4.863431134,0.006213069
nan,76.23862667,0.078014584,12.93050608,0.717410419,0.008705309,0.029972301,1.021909976,3.513997359,4.854181262,0.009678502
nan,76.03593502,0.117892151,12.81422507,0.639332011,0.006030888,0.102468474,1.023453715,3.544142211,4.808021401,0.014675421
nan,76.48461474,0.094792266,13.11480652,0.621316506,0.010082721,0.067321322,1.024860033,3.431346289,4.776489388,0.01231778
nan,75.84280818,0.10153669,13.02363735,0.675394165,0.007887223,0.062473059,1.054817674,3.355942687,4.881900685,0.010492974
nan,76.13414807,0.093473431,13.09821151,0.726441224,0.006645166,0.086858373,1.08463107,3.45001836,4.814525178,0.015065951
nan,75.40152226,0.09758612,13.02517259,0.603317779,0.00751638,0.059854058,1.068022886,3.435351369,4.84509863,0.004237937
nan,76.09117047,0.081394225,13.0401272,0.619420547,0.01000571,0.04307174,0.964740625,3.235080542,4.874620592,0.007537268
nan,76.22654641,0.082699587,13.2991574,0.63028694,0.007019479,0.036884956,1.014774986,3.543887744,4.728491212,0.001560206
nan,76.52448211,0.106472274,13.16988552,0.559987034,0.006878206,0.06913167,1.050504867,3.292321852,4.865509134,0.004671035
nan,76.01048888,0.081591259,13.14587711,0.636741994,0.009859505,0.108636097,1.080062915,3.458287586,4.80464946,0.015998787
nan,76.22452854,0.104544559,13.00195967,0.665096172,0.008041455,0.089483416,1.04617425,3.421261147,4.955314499,0.012134451
nan,76.73300587,0.111130947,13.14362367,0.599670359,0.008603104,0.08716184,1.026255102,3.470233924,4.856153806,0.009290862
nan,76.62674911,0.098319352,12.9446396,0.635107142,0.005612038,0.052093624,1.006204614,3.40430599,4.839799129,0.011860114
nan,76.05437862,0.073323237,13.05361354,0.606561751,0.009260295,0.095185839,1.089797999,3.35473647,4.865223514,0.008945793
nan,75.96735221,0.084641249,13.2738624,0.683207192,0.005981474,0.1079305,1.140404188,3.453525645,4.917380879,0.009891041
nan,76.10785435,0.093716421,12.91845145,0.704937637,0.006430432,0.058734219,1.007406535,3.609306246,4.75264287,0.016271722
nan,76.56359706,0.068487625,13.21575319,0.646474758,0.011744036,0.114670738,0.987059224,3.397750572,4.972993108,0.012308935
nan,75.70675505,0.111497352,12.8992795,0.585116139,0.008747829,0.077593921,1.076597453,3.557561334,4.823033166,0.004928169
nan,75.60684077,0.09398804,13.06211695,0.643374247,0.007859338,0.089568738,0.954006399,3.278985734,4.790119955,0.004433197
nan,76.76935461,0.089842671,13.18506699,0.595161278,0.007747659,0.070264928,1.045432513,3.475062131,4.893195142,0.014290522
nan,75.78862136,0.086520821,13.24330912,0.702209527,0.00799442,0.108088883,1.003988739,3.503124495,4.894933146,0.006700625
nan,76.55162963,0.088146634,13.02588811,0.701992541,0.006109441,0.084548783,1.057600889,3.631776959,4.714228408,0.009770961
nan,76.14258004,0.094753242,13.04050554,0.629682574,0.00706426,0.105629171,1.003732228,3.57763581,4.871089328,0.01646811
nan,75.36376261,0.096571364,12.92380508,0.652941456,0.007428967,0.058274122,1.026130777,3.361923507,4.902923567,0.008566857
nan,75.85009329,0.087296922,12.9070957,0.651626009,0.010903499,0.098491679,1.006028229,3.587520728,4.873198222,0.007555411
nan,76.04603687,0.095184496,13.24902009,0.617921566,0.005430976,0.091779407,1.081658072,3.418555287,4.823629867,0.00275289
nan,76.27613936,0.092766027,13.25957642,0.643236781,0.007489589,0.066123943,1.030416196,3.365879144,4.903837367,0.005715769
nan,75.96448942,0.05954321,12.91777063,0.724770038,0.010404012,0.110778307,1.064872484,3.627655698,4.837568147,-0.00215285
nan,76.29933225,0.077505679,13.22074151,0.640130829,0.006670087,0.109276445,1.027938487,3.37523758,4.751603679,0.00485262
nan,75.75110586,0.085238905,13.14769126,0.658054051,0.004591303,0.120203711,1.021403633,3.536007175,4.858482377,0.008032479
nan,76.2042773,0.076155796,13.09069861,0.625711372,0.008191715,0.1177754,1.070642485,3.507510771,4.87336275,0.008884345
nan,76.08747748,0.061266452,12.86264691,0.654658205,0.00681052,0.098826465,0.992477935,3.368536762,4.836272765,0.020671901
nan,75.93958131,0.09220453,12.94373855,0.63458929,0.005668227,0.07965496,1.004864534,3.346652489,4.836689419,0.003911986
nan,76.44742456,0.074815802,13.09660857,0.554871731,0.009574157,0.054645088,1.13830063,3.418533687,4.817859643,0.00417794
nan,76.41035209,0.087702538,13.44747654,0.548006575,0.008745878,0.102589858,1.036911207,3.280604616,4.883109502,0.008283461
nan,75.61956456,0.087817419,13.14232055,0.620795769,0.006700743,0.065818414,1.032120061,3.586571839,4.8491948,0.001626588
nan,76.78398207,0.097661021,13.2719856,0.705159345,0.004122318,0.060540882,1.069972009,3.288831473,4.888598097,0.002570152
nan,75.58747932,0.09802391,12.69037423,0.663487743,0.005857684,0.053124912,1.057361775,3.360699148,4.8207066,0.011985197
nan,76.78908443,0.098553852,13.28496473,0.604916423,0.00873672,0.082422561,1.065326669,3.397700729,4.739122218,0.007707213
nan,76.14016848,0.092251197,13.10229943,0.62688787,0.00845381,0.072213549,1.089878279,3.446231952,4.879803027,0.008746549
nan,76.42586176,0.114468638,12.9950408,0.599963687,0.007594273,0.043072485,0.954360992,3.347615512,4.852580998,0.009466306
nan,76.11463992,0.097505104,13.0579503,0.616435433,0.013971163,0.102416791,0.995023604,3.348404185,4.819302255,0.009117123
nan,76.18250521,0.084253707,13.03879395,0.579930608,0.010821151,0.058918771,1.002487878,3.402992553,4.865948866,0.007719127
nan,76.3064108,0.082227255,12.98765848,0.54287114,0.007278007,0.08268652,1.068853319,3.294617991,4.869310755,0.003245415
nan,75.6960869,0.092148907,13.00921411,0.661934308,0.006864208,0.072363444,0.988677639,3.472357788,4.946304867,0.013605162
nan,76.03359896,0.081889357,13.01105381,0.624038059,0.008800743,0.069052199,1.092367695,3.514170696,4.874278296,0.008099437
nan,76.23490755,0.103803946,12.98003071,0.599853025,0.007386775,0.071208615,1.025190806,3.368778158,4.923685464,0.016586219
nan,76.21283749,0.093083187,13.06071714,0.60697547,0.006585442,0.071813426,1.078090106,3.480093855,4.836849714,0.012801862
nan,76.33665523,0.073775772,12.99133275,0.589985306,0.006929899,0.128817627,1.072933297,3.392334961,4.899731235,0.010956197
nan,75.73664046,0.091906593,13.04611153,0.586778972,0.004930791,0.071334808,1.046539062,3.434383554,4.804349346,0.018901192
nan,76.00960347,0.095053713,13.10101316,0.708581483,0.008235792,0.072763501,0.999513718,3.394205483,4.874107314,0.014873158
nan,75.81618036,0.093748229,13.21550109,0.557208214,0.009974842,0.077853798,1.051462341,3.520599543,4.993317406,0.008622599
nan,76.08944649,0.082354883,12.63945726,0.664920685,0.007827437,0.056691386,0.953119339,3.365305954,4.82678116,0.008453343
nan,76.29605232,0.083393923,12.95648581,0.589888428,0.007345681,0.073962952,1.107516331,3.499368525,4.874018081,0.015348848
nan,76.26227862,0.090959826,13.06870158,0.711561189,0.006075969,0.109719061,1.122459857,3.48265362,5.022079343,0.008112405
nan,75.69219484,0.101316968,12.88457155,0.675156712,0.009337809,0.057406889,1.056261466,3.536594453,4.860538306,0.008022116
nan,76.14590784,0.083576844,13.16903275,0.588827238,0.008921048,0.095664235,1.065984467,3.279956284,4.842489678,0.002884926
nan,75.87893532,0.117250106,13.27565367,0.595719658,0.006097333,0.074228428,1.073701336,3.378923476,4.792657526,0.007189454
nan,75.83531698,0.095858886,12.64109705,0.647857073,0.006242996,0.055128165,1.077197182,3.45307438,4.962051854,0.018680386
nan,75.8190168,0.076290523,13.27124568,0.611760338,0.007867919,0.121166906,0.974939117,3.28981665,4.964271351,0.012695287
nan,75.98301573,0.098159278,13.16390819,0.629530973,0.008784275,0.088386925,0.998192654,3.3989658,4.809069611,0.0150008
nan,76.08229342,0.099312548,12.96315794,0.645506653,0.009475836,0.111819094,1.075393495,3.395455391,4.874973941,0.011006417
nan,76.89995184,0.085174465,13.07302388,0.616168748,0.00741304,0.058674191,1.035365753,3.472727048,4.779225625,0.015371819
nan,75.70927226,0.104622043,13.19742094,0.643719544,0.00699737,0.070791156,1.028448136,3.385309668,4.845230564,0.017438499
nan,76.05308733,0.090132737,13.09680864,0.588297315,0.009246208,0.06803845,1.008615873,3.52528385,4.893221127,0.011240965
nan,76.19367663,0.083999382,13.3590173,0.640687535,0.007821364,0.081521684,1.045834575,3.490506927,4.88540254,0.01856438
nan,75.80857987,0.089839839,13.12936988,0.583866942,0.007616638,0.10028646,1.043829285,3.373071865,4.889666179,0.011136296
nan,76.40108504,0.074028782,13.01360014,0.595110345,0.007477657,0.060731727,1.066097057,3.404173821,4.852114804,0.004986803
nan,76.08394131,0.103967578,13.09657698,0.547491094,0.007555079,0.096800871,1.017397382,3.324329775,4.819644003,0.010848066
nan,76.12098879,0.097115928,13.14808469,0.687728122,0.006580365,0.116377032,0.97460833,3.493415499,4.928837631,0.012127497
nan,75.73627707,0.091505203,13.08201194,0.612214593,0.00530715,0.053033398,1.042126828,3.52384677,4.93879963,0.010148298
nan,76.22701825,0.096720606,12.976965,0.667578359,0.012707489,0.047997719,1.03112023,3.459865184,4.854972018,0.013361928
nan,76.14234268,0.076284245,13.33896422,0.682940727,0.010016048,0.093868466,1.062964537,3.311108741,4.825170551,0.007947075
nan,75.81393518,0.091049581,13.13970395,0.656292659,0.008282313,0.088317658,0.992567882,3.462075298,4.846856448,0.007998573
nan,75.48827296,0.079723621,13.14189509,0.630991998,0.006040868,0.088922644,1.052752069,3.567305908,4.947154427,0.014642865
nan,75.8313271,0.091329528,13.04701156,0.667530383,0.007817977,0.062022767,1.003212191,3.415603972,4.799105559,0.009100588
nan,76.57669958,0.084553128,13.00290538,0.704848265,0.00632683,0.072731501,1.050387579,3.488164159,4.906373941,0.005717104
nan,76.06979576,0.080366047,12.81370705,0.649384302,0.010912228,0.05994527,1.037078476,3.506177998,4.816657806,0.009996374
nan,76.45014745,0.097995235,13.16268642,0.623218485,0.004485379,0.103286732,1.04863039,3.482394177,4.788119941,0.006318974
nan,75.81212985,0.073006462,13.02914173,0.736369205,0.007308797,0.105211136,1.030624858,3.35353657,4.884764538,0.01080666
nan,75.52267967,0.078471995,13.1559685,0.651987749,0.00939116,0.087282255,1.072066115,3.381023279,4.820948317,0.011397385
nan,75.91757347,0.08153635,13.15756364,0.684939527,0.008844672,0.082091152,0.983808584,3.44407889,4.913882319,0.01442013
nan,76.62103871,0.092758934,13.06143249,0.619737296,0.008550311,0.108951241,1.092889439,3.207668082,4.822333444,0.005910103
nan,76.29565103,0.093300133,13.24091533,0.594055459,0.004853516,0.068193924,1.076629831,3.392826479,4.830091843,0.004385372
nan,75.90931913,0.101006084,13.38976085,0.679193151,0.008153119,0.080544137,1.05163433,3.345786742,4.796799077,0.012274891
nan,75.52907649,0.092326623,12.70016946,0.603989928,0.006682905,0.085909857,1.062568111,3.497883678,4.879320791,0.01221947
nan,76.27392764,0.091433345,12.84613191,0.565872795,0.010298393,0.096497047,1.052215664,3.506858307,4.832175958,0.008864284
