profile,pressure_mpa,step_index,temperature_c,calc_time_s,solid_phases
profile_a_unpatched,400.0,0,759,0.035613059997558594,Water
profile_a_unpatched,400.0,1,758.0,0.09563636779785156,"Quartz,Water"
profile_a_unpatched,400.0,2,757.0,0.08250808715820312,"Quartz,Water"
profile_a_unpatched,400.0,3,756.0,0.0674581527709961,"Quartz,Water"
profile_a_unpatched,400.0,4,755.0,0.06629610061645508,"Quartz,Water"
profile_a_unpatched,400.0,5,754.0,0.07438421249389648,"Quartz,Water"
profile_a_unpatched,400.0,6,753.0,0.0701608657836914,"Quartz,Water"
profile_a_unpatched,400.0,7,752.0,0.06396317481994629,"Quartz,Water"
profile_a_unpatched,400.0,8,751.0,0.06829690933227539,"Quartz,Water"
profile_a_unpatched,400.0,9,750.0,0.07481694221496582,"Quartz,Water"
profile_a_unpatched,400.0,10,749.0,0.06919384002685547,"Quartz,Water"
profile_a_unpatched,400.0,11,748.0,0.06607580184936523,"Quartz,Water"
profile_a_unpatched,400.0,12,747.0,0.08368587493896484,"Quartz,Water"
profile_a_unpatched,400.0,13,746.0,0.07132172584533691,"Quartz,Water"
profile_a_unpatched,400.0,14,745.0,0.06732487678527832,"Quartz,Water"
profile_a_unpatched,400.0,15,744.0,0.06814193725585938,"Quartz,Water"
profile_a_unpatched,400.0,16,743.0,0.08455181121826172,"Quartz,Water"
profile_a_unpatched,400.0,17,742.0,0.06593489646911621,"Quartz,Water"
profile_a_unpatched,400.0,18,741.0,0.06619691848754883,"Quartz,Water"
profile_a_unpatched,400.0,19,740.0,0.09310388565063477,"Quartz,Water"
profile_a_unpatched,400.0,20,739.0,0.06979799270629883,"Quartz,Water"
profile_a_unpatched,400.0,21,738.0,0.07175207138061523,"Quartz,Water"
profile_a_unpatched,400.0,22,737.0,0.06779313087463379,"Quartz,Water"
profile_a_unpatched,400.0,23,736.0,0.0693819522857666,"Quartz,Water"
profile_a_unpatched,400.0,24,735.0,0.06914687156677246,"Quartz,Water"
profile_a_unpatched,400.0,25,734.0,0.07079505920410156,"Quartz,Water"
profile_a_unpatched,400.0,26,733.0,0.07124996185302734,"Quartz,Water"
profile_a_unpatched,400.0,27,732.0,0.11737298965454102,"Feldspar,Quartz,Water"
profile_a_unpatched,400.0,28,731.0,0.10447096824645996,"Feldspar,Quartz,Water"
profile_a_unpatched,400.0,29,730.0,0.21530985832214355,"Feldspar,Feldspar_1,Quartz,Water"
profile_a_unpatched,400.0,30,729.0,0.16660714149475098,"Feldspar,Feldspar_1,Quartz,Water"
profile_a_unpatched,400.0,31,728.0,0.17398810386657715,"Feldspar,Feldspar_1,Quartz,Water"
profile_a_unpatched,400.0,32,727.0,0.16517210006713867,"Feldspar,Feldspar_1,Quartz,Water"
profile_a_unpatched,400.0,33,726.0,0.16464805603027344,"Feldspar,Feldspar_1,Quartz,Water"
profile_a_unpatched,400.0,34,725.0,0.23018908500671387,"Feldspar,Feldspar_1,Ilmenite ss,Quartz,Water"
profile_a_unpatched,400.0,35,724.0,0.39319300651550293,"Feldspar,Feldspar_1,Ilmenite ss,Quartz,Spinel,Water"
profile_a_unpatched,400.0,36,723.0,0.3574340343475342,"Feldspar,Feldspar_1,Ilmenite ss,Quartz,Spinel,Water"
profile_a_unpatched,400.0,37,722.0,0.4595158100128174,"Feldspar,Feldspar_1,Ilmenite ss,Quartz,Spinel,Water"
profile_a_unpatched,400.0,38,721.0,0.5730748176574707,"Feldspar,Feldspar_1,Ilmenite ss,Orthopyroxene,Quartz,Spinel,Water"
profile_a_unpatched,400.0,39,720.0,0.6204321384429932,"Feldspar,Feldspar_1,Ilmenite ss,Orthopyroxene,Quartz,Spinel,Water"
profile_a_unpatched,400.0,40,719.0,0.6929588317871094,"Feldspar,Feldspar_1,Ilmenite ss,Orthopyroxene,Quartz,Spinel,Water"
profile_a_unpatched,400.0,41,718.0,0.8815979957580566,"Feldspar,Feldspar_1,Ilmenite ss,Orthopyroxene,Quartz,Spinel,Water"
profile_a_unpatched,400.0,42,717.0,1.077369213104248,"Feldspar,Feldspar_1,Ilmenite ss,Orthopyroxene,Quartz,Spinel,Water"
profile_a_unpatched,300.0,0,757,0.038596153259277344,Water
profile_a_unpatched,300.0,1,756.0,0.07421708106994629,"Quartz,Water"
profile_a_unpatched,300.0,2,755.0,0.07370495796203613,"Quartz,Water"
profile_a_unpatched,300.0,3,754.0,0.08339500427246094,"Quartz,Water"
profile_a_unpatched,300.0,4,753.0,0.11753988265991211,"Feldspar,Quartz,Water"
profile_a_unpatched,300.0,5,752.0,0.10969400405883789,"Feldspar,Quartz,Water"
profile_a_unpatched,300.0,6,751.0,0.09358000755310059,"Feldspar,Quartz,Water"
profile_a_unpatched,300.0,7,750.0,0.15492796897888184,"Feldspar,Quartz,Water"
profile_a_unpatched,300.0,8,749.0,0.15001535415649414,"Feldspar,Quartz,Water"
profile_a_unpatched,300.0,9,748.0,0.11983895301818848,"Feldspar,Quartz,Water"
profile_a_unpatched,300.0,10,747.0,0.12042522430419922,"Feldspar,Quartz,Water"
profile_a_unpatched,300.0,11,746.0,0.1245880126953125,"Feldspar,Quartz,Water"
profile_a_unpatched,300.0,12,745.0,0.12378621101379395,"Feldspar,Quartz,Water"
profile_a_unpatched,300.0,13,744.0,0.10858488082885742,"Feldspar,Quartz,Water"
profile_a_unpatched,300.0,14,743.0,0.19494295120239258,"Feldspar,Feldspar_1,Quartz,Water"
profile_a_unpatched,300.0,15,742.0,0.17519688606262207,"Feldspar,Feldspar_1,Quartz,Water"
profile_a_unpatched,300.0,16,741.0,0.16804885864257812,"Feldspar,Feldspar_1,Quartz,Water"
profile_a_unpatched,300.0,17,740.0,0.32441234588623047,"Feldspar,Feldspar_1,Quartz,Spinel,Water"
profile_a_unpatched,300.0,18,739.0,0.30284595489501953,"Feldspar,Feldspar_1,Quartz,Spinel,Water"
profile_a_unpatched,300.0,19,738.0,0.382526159286499,"Feldspar,Feldspar_1,Ilmenite ss,Quartz,Spinel,Water"
profile_a_unpatched,300.0,20,737.0,0.7037520408630371,"Feldspar,Feldspar_1,Ilmenite ss,Orthopyroxene,Quartz,Spinel,Water"
profile_a_unpatched,300.0,21,736.0,0.9617600440979004,"Feldspar,Feldspar_1,Ilmenite ss,Orthopyroxene,Quartz,Spinel,Water"
profile_a_unpatched,300.0,22,735.0,1.1870508193969727,"Feldspar,Feldspar_1,Ilmenite ss,Orthopyroxene,Quartz,Spinel,Water"
profile_a_unpatched,200.0,0,785,0.03648686408996582,Water
profile_a_unpatched,200.0,1,784.0,0.038008689880371094,Water
profile_a_unpatched,200.0,2,783.0,0.04024386405944824,Water
profile_a_unpatched,200.0,3,782.0,0.09586930274963379,"Feldspar,Water"
profile_a_unpatched,200.0,4,781.0,0.0787971019744873,"Feldspar,Water"
profile_a_unpatched,200.0,5,780.0,0.07739496231079102,"Feldspar,Water"
profile_a_unpatched,200.0,6,779.0,0.07191967964172363,"Feldspar,Water"
profile_a_unpatched,200.0,7,778.0,0.07286810874938965,"Feldspar,Water"
profile_a_unpatched,200.0,8,777.0,0.07783007621765137,"Feldspar,Water"
profile_a_unpatched,200.0,9,776.0,0.07621598243713379,"Feldspar,Water"
profile_a_unpatched,200.0,10,775.0,0.0773777961730957,"Feldspar,Water"
profile_a_unpatched,200.0,11,774.0,0.07857394218444824,"Feldspar,Water"
profile_a_unpatched,200.0,12,773.0,0.09540295600891113,"Feldspar,Water"
profile_a_unpatched,200.0,13,772.0,0.07301211357116699,"Feldspar,Water"
profile_a_unpatched,200.0,14,771.0,0.07967805862426758,"Feldspar,Water"
profile_a_unpatched,200.0,15,770.0,0.07525110244750977,"Feldspar,Water"
profile_a_unpatched,200.0,16,769.0,0.07721900939941406,"Feldspar,Water"
profile_a_unpatched,200.0,17,768.0,0.07652521133422852,"Feldspar,Water"
profile_a_unpatched,200.0,18,767.0,0.11619806289672852,"Feldspar,Quartz,Water"
profile_a_unpatched,200.0,19,766.0,0.12502002716064453,"Feldspar,Quartz,Water"
profile_a_unpatched,200.0,20,765.0,0.14215397834777832,"Feldspar,Quartz,Water"
profile_a_unpatched,200.0,21,764.0,0.12197089195251465,"Feldspar,Quartz,Water"
profile_a_unpatched,200.0,22,763.0,0.11257600784301758,"Feldspar,Quartz,Water"
profile_a_unpatched,200.0,23,762.0,0.12600111961364746,"Feldspar,Quartz,Water"
profile_a_unpatched,200.0,24,761.0,0.12540483474731445,"Feldspar,Quartz,Water"
profile_a_unpatched,200.0,25,760.0,0.125565767288208,"Feldspar,Quartz,Water"
profile_a_unpatched,200.0,26,759.0,0.1200871467590332,"Feldspar,Quartz,Water"
profile_a_unpatched,200.0,27,758.0,0.1761319637298584,"Feldspar,Feldspar_1,Quartz,Water"
profile_a_unpatched,200.0,28,757.0,0.1842639446258545,"Feldspar,Feldspar_1,Quartz,Water"
profile_a_unpatched,200.0,29,756.0,0.31288790702819824,"Feldspar,Feldspar_1,Quartz,Spinel,Water"
profile_a_unpatched,200.0,30,755.0,0.31072497367858887,"Feldspar,Feldspar_1,Quartz,Spinel,Water"
profile_a_unpatched,200.0,31,754.0,0.5321228504180908,"Feldspar,Feldspar_1,Orthopyroxene,Quartz,Spinel,Water"
profile_a_unpatched,200.0,32,753.0,0.8758740425109863,"Feldspar,Feldspar_1,Ilmenite ss,Orthopyroxene,Quartz,Spinel,Water"
profile_a_unpatched,200.0,33,752.0,1.006098985671997,"Feldspar,Feldspar_1,Ilmenite ss,Orthopyroxene,Quartz,Spinel,Water"
