Index,T_C,P_MPa,deltaQFM,Mass_g,Density_g_cm3,G_kJ,H_kJ,S_J_per_K,Cp_J_per_K,V_cm3,alpha_1_per_K,beta_1_per_bar,d2V/dT2,d2V/dP2,d2V/dTdP,Outcome,SiO2_wt_pct,TiO2_wt_pct,Al2O3_wt_pct,Fe2O3_wt_pct,Cr2O3_wt_pct,FeO_wt_pct,MnO_wt_pct,MgO_wt_pct,NiO_wt_pct,CoO_wt_pct,CaO_wt_pct,Na2O_wt_pct,K2O_wt_pct,P2O5_wt_pct,H2O_wt_pct,CO2_wt_pct,SO3_wt_pct,Cl2O-1_wt_pct,F2O-1_wt_pct,sample_label,source_excel,phase,phase_sheet_name
50,727,400,0,1.229518493405919,2.532025881491631,-19.15485675636459,-16.67343045699356,2.48105414124984,1.459200128144706,0.04855868584888248,2.826690056792903e-05,1.773095410936218e-06,-1.664104604330035e-09,4.625424148736258e-13,5.731029504554204e-12,Success,65.57106406816841,0,18.85612221757312,0,0,0,0,0,0,0,0.2565098352900015,3.218156501591792,12.09814737737669,0,0,0,0,0,0,KCP109C,/Users/lopezama/PycharmProjects/sci-cluster/review_outputs/rmelts_parity_audit_v2/2026-02-26/kcp109c_phase7_parity_20260225_222731/runs/kcp109c_phase7_parity_liam_exact/runs/20260225_222731/parallel-results/Parallel_MELTS_KCP109C_dP25.0_02-25_11cores.xlsx,feldspar_1,feldspar_1
51,726,400,0,4.197689275677762,2.531978984780012,-65.41037584453407,-56.94757301247354,8.470002334044468,4.987305180342001,0.1657868924232984,2.838852680869497e-05,1.774273910176783e-06,-6.058307135888567e-09,1.575511621916152e-12,2.063441979400461e-11,Success,65.6044181850859,0,18.85887826070729,0,0,0,0,0,0,0,0.2510009366571256,3.299727926864086,11.98597469068559,0,0,0,0,0,0,KCP109C,/Users/lopezama/PycharmProjects/sci-cluster/review_outputs/rmelts_parity_audit_v2/2026-02-26/kcp109c_phase7_parity_20260225_222731/runs/kcp109c_phase7_parity_liam_exact/runs/20260225_222731/parallel-results/Parallel_MELTS_KCP109C_dP25.0_02-25_11cores.xlsx,feldspar_1,feldspar_1
52,725,400,0,7.647703705924796,2.531919834517038,-119.2076813871925,-103.8036146709853,15.43261705776404,9.098599224117335,0.30205157373727,2.853926356401779e-05,1.775762107601313e-06,-1.184941173377125e-08,2.862378882221402e-12,3.989518379559498e-11,Success,65.64709816662466,0,18.86289574176367,0,0,0,0,0,0,0,0.2443566923178055,3.405394021082788,11.84025537821108,0,0,0,0,0,0,KCP109C,/Users/lopezama/PycharmProjects/sci-cluster/review_outputs/rmelts_parity_audit_v2/2026-02-26/kcp109c_phase7_parity_20260225_222731/runs/kcp109c_phase7_parity_liam_exact/runs/20260225_222731/parallel-results/Parallel_MELTS_KCP109C_dP25.0_02-25_11cores.xlsx,feldspar_1,feldspar_1
53,724,400,0,11.13802025936235,2.531867113761293,-173.6758631664781,-151.2608183953951,22.47911023525347,13.27108627111353,0.4399133034599086,2.870724439255837e-05,1.777424152512249e-06,-1.856018893158305e-08,4.155851941552974e-12,6.179347942980347e-11,Success,65.69454977118909,0,18.86739464053419,0,0,0,0,0,0,0,0.2369962387863761,3.522958193021884,11.67810115646848,0,0,0,0,0,0,KCP109C,/Users/lopezama/PycharmProjects/sci-cluster/review_outputs/rmelts_parity_audit_v2/2026-02-26/kcp109c_phase7_parity_20260225_222731/runs/kcp109c_phase7_parity_liam_exact/runs/20260225_222731/parallel-results/Parallel_MELTS_KCP109C_dP25.0_02-25_11cores.xlsx,feldspar_1,feldspar_1
54,723,400,0,14.72443798679391,2.531826250018011,-229.694388940282,-200.0853823199708,29.72344187151659,17.57371339663052,0.5815737942794913,2.889358710452912e-05,1.779271610041259e-06,-2.642945406693589e-08,5.475323520911839e-12,8.704825534882967e-11,Success,65.7469585433412,0,18.87234854332248,0,0,0,0,0,0,0,0.2288544905661706,3.652764742982959,11.49907367978719,0,0,0,0,0,0,KCP109C,/Users/lopezama/PycharmProjects/sci-cluster/review_outputs/rmelts_parity_audit_v2/2026-02-26/kcp109c_phase7_parity_20260225_222731/runs/kcp109c_phase7_parity_liam_exact/runs/20260225_222731/parallel-results/Parallel_MELTS_KCP109C_dP25.0_02-25_11cores.xlsx,feldspar_1,feldspar_1
55,722,400,0,18.14527829278046,2.531807489012704,-283.1756008696851,-246.7173048931515,36.63598048187067,21.69403449785459,0.7166926542213657,2.908613411936826e-05,1.781164686101218e-06,-3.500032081830533e-08,6.72361021193507e-12,1.141396425564282e-10,Success,65.79987543518108,0,18.87709502543079,0,0,0,0,0,0,0,0.2204230563650859,3.783159926807003,11.31944655621604,0,0,0,0,0,0,KCP109C,/Users/lopezama/PycharmProjects/sci-cluster/review_outputs/rmelts_parity_audit_v2/2026-02-26/kcp109c_phase7_parity_20260225_222731/runs/kcp109c_phase7_parity_liam_exact/runs/20260225_222731/parallel-results/Parallel_MELTS_KCP109C_dP25.0_02-25_11cores.xlsx,feldspar_1,feldspar_1
56,721,400,0,21.36221559586531,2.531811675660351,-333.5124114271883,-290.6269176232283,43.13785022779258,25.58492539875835,0.8437521558665528,2.928054436219774e-05,1.783052009330114e-06,-4.413083627360645e-08,7.887405546193922e-12,1.426247900693369e-10,Success,65.85173030717884,0,18.88143132067017,0,0,0,0,0,0,0,0.2119010195464232,3.910112283177501,11.14482506942706,0,0,0,0,0,0,KCP109C,/Users/lopezama/PycharmProjects/sci-cluster/review_outputs/rmelts_parity_audit_v2/2026-02-26/kcp109c_phase7_parity_20260225_222731/runs/kcp109c_phase7_parity_liam_exact/runs/20260225_222731/parallel-results/Parallel_MELTS_KCP109C_dP25.0_02-25_11cores.xlsx,feldspar_1,feldspar_1
57,720,400,0,24.22757631235912,2.53183707321065,-378.378057786154,-329.7857724243018,48.92743831430523,29.0656463599205,0.9569168793960298,2.946659651991264e-05,1.784815177381049e-06,-5.330192726239905e-08,8.914629450939462e-12,1.709004710540641e-10,Success,65.89902900391596,0,18.88493052419773,0,0,0,0,0,0,0,0.203751485857711,4.024714076483741,10.98757490954485,0,0,0,0,0,0,KCP109C,/Users/lopezama/PycharmProjects/sci-cluster/review_outputs/rmelts_parity_audit_v2/2026-02-26/kcp109c_phase7_parity_20260225_222731/runs/kcp109c_phase7_parity_liam_exact/runs/20260225_222731/parallel-results/Parallel_MELTS_KCP109C_dP25.0_02-25_11cores.xlsx,feldspar_1,feldspar_1
58,719,400,0,26.48381771767977,2.531876671876335,-413.7129401092359,-360.6537049050011,53.47904571308253,31.81946462723616,1.046015313931267,2.962805194816708e-05,1.786268332337871e-06,-6.150294734750588e-08,9.71529666626456e-12,1.958816038297474e-10,Success,65.93642612308399,0,18.88698214081443,0,0,0,0,0,0,0,0.1967180566817977,4.113449826147765,10.86642385327201,0,0,0,0,0,0,KCP109C,/Users/lopezama/PycharmProjects/sci-cluster/review_outputs/rmelts_parity_audit_v2/2026-02-26/kcp109c_phase7_parity_20260225_222731/runs/kcp109c_phase7_parity_liam_exact/runs/20260225_222731/parallel-results/Parallel_MELTS_KCP109C_dP25.0_02-25_11cores.xlsx,feldspar_1,feldspar_1
59,718,400,0,27.9881347683474,2.531920332177725,-437.2540932092661,-381.2536850794656,56.50043699722588,33.66669812450241,1.10541135171795,2.975478752460339e-05,1.787298840119369e-06,-6.79046042232743e-08,1.024205098398505e-11,2.151004940700405e-10,Success,65.96087638449175,0,18.88731118753158,0,0,0,0,0,0,0,0.1912844368252833,4.168810702703613,10.79171728844778,0,0,0,0,0,0,KCP109C,/Users/lopezama/PycharmProjects/sci-cluster/review_outputs/rmelts_parity_audit_v2/2026-02-26/kcp109c_phase7_parity_20260225_222731/runs/kcp109c_phase7_parity_liam_exact/runs/20260225_222731/parallel-results/Parallel_MELTS_KCP109C_dP25.0_02-25_11cores.xlsx,feldspar_1,feldspar_1
60,717,400,0,29.16635562294842,2.580664209407646,-468.2982885317699,-409.011613253477,59.87645839346857,36.95120760913223,1.130187938307678,3.54832550485358e-05,1.823662982257788e-06,-1.704238537247031e-07,9.044028617728876e-12,5.082739760137556e-10,Success,65.59280502855154,0,21.12855613114936,0,0,0,0,0,0,0,2.126218168180062,9.225747460871354,1.926673211247678,0,0,0,0,0,0,KCP109C,/Users/lopezama/PycharmProjects/sci-cluster/review_outputs/rmelts_parity_audit_v2/2026-02-26/kcp109c_phase7_parity_20260225_222731/runs/kcp109c_phase7_parity_liam_exact/runs/20260225_222731/parallel-results/Parallel_MELTS_KCP109C_dP25.0_02-25_11cores.xlsx,feldspar_1,feldspar_1
85,730,375,0,2.504045062891065,2.530604772942305,-39.09248889464308,-34.00605286817724,5.070464064662143,2.974241935628563,0.09895045997165493,2.836383552118023e-05,1.776843255608926e-06,-3.246850503134562e-09,9.416624488962093e-13,1.129166260341694e-11,Success,65.65209875628265,0,18.87969357219573,0,0,0,0,0,0,0,0.2570482648957973,3.46058990083889,11.75056950578692,0,0,0,0,0,0,KCP109C,/Users/lopezama/PycharmProjects/sci-cluster/review_outputs/rmelts_parity_audit_v2/2026-02-26/kcp109c_phase7_parity_20260225_222731/runs/kcp109c_phase7_parity_liam_exact/runs/20260225_222731/parallel-results/Parallel_MELTS_KCP109C_dP25.0_02-25_11cores.xlsx,feldspar_1,feldspar_1
86,729,375,0,6.401075275512925,2.530567963461084,-99.9665400756001,-86.97551653740486,12.96315275976175,7.612993496570811,0.2529501427323101,2.851234323697752e-05,1.778407558145022e-06,-8.935559559405537e-09,2.400655484538978e-12,3.067653475440586e-11,Success,65.69754271644003,0,18.88426901451902,0,0,0,0,0,0,0,0.2502194130569848,3.57387989203968,11.59408896394429,0,0,0,0,0,0,KCP109C,/Users/lopezama/PycharmProjects/sci-cluster/review_outputs/rmelts_parity_audit_v2/2026-02-26/kcp109c_phase7_parity_20260225_222731/runs/kcp109c_phase7_parity_liam_exact/runs/20260225_222731/parallel-results/Parallel_MELTS_KCP109C_dP25.0_02-25_11cores.xlsx,feldspar_1,feldspar_1
87,728,375,0,10.63337744658696,2.530540048818084,-166.1343065153891,-144.5704179609243,21.53911856811143,12.66584331629894,0.4202019032085024,2.868511056726754e-05,1.780241555111489e-06,-1.604688074174036e-08,3.975529202938095e-12,5.438772438119378e-11,Success,65.75071814874836,0,18.8897921457798,0,0,0,0,0,0,0,0.2423683959771171,3.70688799623272,11.410233313262,0,0,0,0,0,0,KCP109C,/Users/lopezama/PycharmProjects/sci-cluster/review_outputs/rmelts_parity_audit_v2/2026-02-26/kcp109c_phase7_parity_20260225_222731/runs/kcp109c_phase7_parity_liam_exact/runs/20260225_222731/parallel-results/Parallel_MELTS_KCP109C_dP25.0_02-25_11cores.xlsx,feldspar_1,feldspar_1
88,727,375,0,15.24761685794445,2.53053143269578,-238.3489500083689,-207.4482288126082,30.8960867827433,18.19380524428433,0.6025460368101866,2.888389421996861e-05,1.782366299611687e-06,-2.49665161440263e-08,5.680431261283773e-12,8.355971128172583e-11,Success,65.81197941205117,0,18.8962256254371,0,0,0,0,0,0,0,0.2333817232238948,3.860306135389984,11.19810710389783,0,0,0,0,0,0,KCP109C,/Users/lopezama/PycharmProjects/sci-cluster/review_outputs/rmelts_parity_audit_v2/2026-02-26/kcp109c_phase7_parity_20260225_222731/runs/kcp109c_phase7_parity_liam_exact/runs/20260225_222731/parallel-results/Parallel_MELTS_KCP109C_dP25.0_02-25_11cores.xlsx,feldspar_1,feldspar_1
89,726,375,0,19.64432790908051,2.530553900916564,-307.2321727245456,-267.448993308117,39.81702388673241,23.48183890971947,0.7762856938935525,2.908612956929266e-05,1.784509651134779e-06,-3.477796700277139e-08,7.291776921218323e-12,1.150819216821424e-10,Success,65.87273697062358,0,18.90225544186039,0,0,0,0,0,0,0,0.2241795558041358,4.01154300146401,10.98928503024788,0,0,0,0,0,0,KCP109C,/Users/lopezama/PycharmProjects/sci-cluster/review_outputs/rmelts_parity_audit_v2/2026-02-26/kcp109c_phase7_parity_20260225_222731/runs/kcp109c_phase7_parity_liam_exact/runs/20260225_222731/parallel-results/Parallel_MELTS_KCP109C_dP25.0_02-25_11cores.xlsx,feldspar_1,feldspar_1
90,725,375,0,23.51674607822184,2.530602802464004,-367.9530289508297,-320.3666309165964,47.67459603690153,28.15795306326095,0.9292942399069499,2.927576384672318e-05,1.786475004845052e-06,-4.468483082347839e-08,8.698863683139337e-12,1.464225824928362e-10,Success,65.92711630486795,0,18.90709255182197,0,0,0,0,0,0,0,0.2154816524073956,4.14543553021722,10.80487396068544,0,0,0,0,0,0,KCP109C,/Users/lopezama/PycharmProjects/sci-cluster/review_outputs/rmelts_parity_audit_v2/2026-02-26/kcp109c_phase7_parity_20260225_222731/runs/kcp109c_phase7_parity_liam_exact/runs/20260225_222731/parallel-results/Parallel_MELTS_KCP109C_dP25.0_02-25_11cores.xlsx,feldspar_1,feldspar_1
91,724,375,0,26.38905947833608,2.530662015049788,-413.004779198333,-359.6623349486613,53.49490472814698,31.64089808376667,1.042772970922271,2.943010146116551e-05,1.78798570436556e-06,-5.317274244195614e-08,9.732636818285109e-12,1.728675793365489e-10,Success,65.96712693083342,0,18.90974413559218,0,0,0,0,0,0,0,0.2083333812687541,4.241569939638488,10.67322561266715,0,0,0,0,0,0,KCP109C,/Users/lopezama/PycharmProjects/sci-cluster/review_outputs/rmelts_parity_audit_v2/2026-02-26/kcp109c_phase7_parity_20260225_222731/runs/kcp109c_phase7_parity_liam_exact/runs/20260225_222731/parallel-results/Parallel_MELTS_KCP109C_dP25.0_02-25_11cores.xlsx,feldspar_1,feldspar_1
92,723,375,0,28.12778195877222,2.530715289838587,-440.2543108094098,-383.4712564711406,57.0025140172356,33.76026896732316,1.111455803492073,2.9541633552479e-05,1.788952977562053e-06,-5.935395229817729e-08,1.035032360390585e-11,1.917789845254527e-10,Success,65.99053681019755,0,18.91005223255449,0,0,0,0,0,0,0,0.2031252345567971,4.29455693641827,10.60172878627289,0,0,0,0,0,0,KCP109C,/Users/lopezama/PycharmProjects/sci-cluster/review_outputs/rmelts_parity_audit_v2/2026-02-26/kcp109c_phase7_parity_20260225_222731/runs/kcp109c_phase7_parity_liam_exact/runs/20260225_222731/parallel-results/Parallel_MELTS_KCP109C_dP25.0_02-25_11cores.xlsx,feldspar_1,feldspar_1
93,721,375,0,29.9531645333508,2.578257597560839,-481.3499715938268,-420.05085551399,61.65982606230119,37.69114194567795,1.161759963848764,3.478617324899793e-05,1.823810063295603e-06,-1.533374687777872e-07,9.471061640482928e-12,4.622432524839254e-10,Success,65.6478935004291,0,21.07480611942086,0,0,0,0,0,0,0,2.069019823309644,9.20758429148122,2.000696265359175,0,0,0,0,0,0,KCP109C,/Users/lopezama/PycharmProjects/sci-cluster/review_outputs/rmelts_parity_audit_v2/2026-02-26/kcp109c_phase7_parity_20260225_222731/runs/kcp109c_phase7_parity_liam_exact/runs/20260225_222731/parallel-results/Parallel_MELTS_KCP109C_dP25.0_02-25_11cores.xlsx,feldspar_1,feldspar_1
135,734,350,0,0.08408018612466137,2.529293606117324,-1.314954347921885,-1.142911151727443,0.170821820180154,0.09982926220525536,0.003324255670488625,2.832274724465923e-05,1.77912680108811e-06,-9.643290604051835e-11,3.168832838367526e-14,3.438717919679003e-13,Success,65.68901571345808,0,18.89953575967324,0,0,0,0,0,0,0,0.2648042771453272,3.594908620388741,11.5517356293346,0,0,0,0,0,0,KCP109C,/Users/lopezama/PycharmProjects/sci-cluster/review_outputs/rmelts_parity_audit_v2/2026-02-26/kcp109c_phase7_parity_20260225_222731/runs/kcp109c_phase7_parity_liam_exact/runs/20260225_222731/parallel-results/Parallel_MELTS_KCP109C_dP25.0_02-25_11cores.xlsx,feldspar_1,feldspar_1
136,733,350,0,4.343372074942971,2.529282751714907,-67.94996004659323,-59.07060915755293,8.825076667534962,5.163020262792286,0.1717234687184765,2.845899120446664e-05,1.780639412505278e-06,-5.359246020870856e-09,1.632953769436797e-12,1.884478691482704e-11,Success,65.73318898044317,0,18.90412861075553,0,0,0,0,0,0,0,0.2582862841238635,3.705411973396032,11.3989841512814,0,0,0,0,0,0,KCP109C,/Users/lopezama/PycharmProjects/sci-cluster/review_outputs/rmelts_parity_audit_v2/2026-02-26/kcp109c_phase7_parity_20260225_222731/runs/kcp109c_phase7_parity_liam_exact/runs/20260225_222731/parallel-results/Parallel_MELTS_KCP109C_dP25.0_02-25_11cores.xlsx,feldspar_1,feldspar_1
137,732,350,0,9.512949310433143,2.529281268735262,-148.900006108986,-129.4653465266472,19.33508390025252,11.32553460066371,0.3761127490257334,2.863691641311594e-05,1.782655533868169e-06,-1.275949884516275e-08,3.565466272011365e-12,4.419981574283965e-11,Success,65.79244694226553,0,18.91092273698077,0,0,0,0,0,0,0,0.2500645876056267,3.855310631292515,11.19125510185557,0,0,0,0,0,0,KCP109C,/Users/lopezama/PycharmProjects/sci-cluster/review_outputs/rmelts_parity_audit_v2/2026-02-26/kcp109c_phase7_parity_20260225_222731/runs/kcp109c_phase7_parity_liam_exact/runs/20260225_222731/parallel-results/Parallel_MELTS_KCP109C_dP25.0_02-25_11cores.xlsx,feldspar_1,feldspar_1
138,731,350,0,15.021959188952,2.529310767331714,-235.2619135609851,-204.5909836570035,30.54417159187529,17.91481908810021,0.5939151243482568,2.883513190800259e-05,1.784908694204019e-06,-2.194041608776869e-08,5.610891246967264e-12,7.492392021319146e-11,Success,65.85799821058919,0,18.91838344069752,0,0,0,0,0,0,0,0.2409243795259083,4.020984652631578,10.96170931655581,0,0,0,0,0,0,KCP109C,/Users/lopezama/PycharmProjects/sci-cluster/review_outputs/rmelts_parity_audit_v2/2026-02-26/kcp109c_phase7_parity_20260225_222731/runs/kcp109c_phase7_parity_liam_exact/runs/20260225_222731/parallel-results/Parallel_MELTS_KCP109C_dP25.0_02-25_11cores.xlsx,feldspar_1,feldspar_1
139,730,350,0,20.55612622492315,2.529377439999878,-322.1187187099911,-280.1740799776147,41.81292800914755,24.55845213540272,0.8126950885164905,2.904158556890785e-05,1.787246281271134e-06,-3.261796783129478e-08,7.650291793152842e-12,1.099421096822514e-10,Success,65.92495374801436,0,18.92571593638207,0,0,0,0,0,0,0,0.2313507342363278,4.189452488791352,10.72852709257591,0,0,0,0,0,0,KCP109C,/Users/lopezama/PycharmProjects/sci-cluster/review_outputs/rmelts_parity_audit_v2/2026-02-26/kcp109c_phase7_parity_20260225_222731/runs/kcp109c_phase7_parity_liam_exact/runs/20260225_222731/parallel-results/Parallel_MELTS_KCP109C_dP25.0_02-25_11cores.xlsx,feldspar_1,feldspar_1
140,729,350,0,24.8953825090905,2.52946147308517,-390.2744515723106,-339.5190579492483,50.64650364023579,29.78727734266659,0.9842167107105901,2.921408408035082e-05,1.789129939798814e-06,-4.234794576662798e-08,9.236227814044826e-12,1.412554738442945e-10,Success,65.97717705679739,0,18.93055883123066,0,0,0,0,0,0,0,0.2231606783108488,4.318554550905886,10.55054888275522,0,0,0,0,0,0,KCP109C,/Users/lopezama/PycharmProjects/sci-cluster/review_outputs/rmelts_parity_audit_v2/2026-02-26/kcp109c_phase7_parity_20260225_222731/runs/kcp109c_phase7_parity_liam_exact/runs/20260225_222731/parallel-results/Parallel_MELTS_KCP109C_dP25.0_02-25_11cores.xlsx,feldspar_1,feldspar_1
141,728,350,0,27.51929903705039,2.529532315511391,-431.4800169661741,-375.4416661433187,55.97398074499859,32.96173045535727,1.087920437635795,2.933318576776416e-05,1.79031010823592e-06,-4.936015477929471e-08,1.018579330929735e-11,1.633690421213529e-10,Success,66.00776472822996,0,18.93207311430851,0,0,0,0,0,0,0,0.2172728217794045,4.39070341652563,10.45218591915649,0,0,0,0,0,0,KCP109C,/Users/lopezama/PycharmProjects/sci-cluster/review_outputs/rmelts_parity_audit_v2/2026-02-26/kcp109c_phase7_parity_20260225_222731/runs/kcp109c_phase7_parity_liam_exact/runs/20260225_222731/parallel-results/Parallel_MELTS_KCP109C_dP25.0_02-25_11cores.xlsx,feldspar_1,feldspar_1
142,727,350,0,28.90635096720486,2.529584119423651,-453.2260507872048,-394.4464565813004,58.77077858911604,34.64891341858702,1.142731358298968,2.941398791267638e-05,1.790982235791994e-06,-5.406703168680684e-08,1.068023241944622e-11,1.778576991904895e-10,Success,66.0229631903309,0,18.9313083309054,0,0,0,0,0,0,0,0.2130955437973429,4.422574238177911,10.41005869678845,0,0,0,0,0,0,KCP109C,/Users/lopezama/PycharmProjects/sci-cluster/review_outputs/rmelts_parity_audit_v2/2026-02-26/kcp109c_phase7_parity_20260225_222731/runs/kcp109c_phase7_parity_liam_exact/runs/20260225_222731/parallel-results/Parallel_MELTS_KCP109C_dP25.0_02-25_11cores.xlsx,feldspar_1,feldspar_1
143,725,350,0,30.07442731323496,2.576313910417437,-483.7542599629808,-421.7980362593444,62.07105515567434,37.61671853683619,1.167343280321071,3.415335350133217e-05,1.823224238867393e-06,-1.332578696095306e-07,9.679193260496832e-12,4.064731639446849e-10,Success,65.65783512140487,0,21.05550544104398,0,0,0,0,0,0,0,2.050776843985433,9.179130241157988,2.056752352407726,0,0,0,0,0,0,KCP109C,/Users/lopezama/PycharmProjects/sci-cluster/review_outputs/rmelts_parity_audit_v2/2026-02-26/kcp109c_phase7_parity_20260225_222731/runs/kcp109c_phase7_parity_liam_exact/runs/20260225_222731/parallel-results/Parallel_MELTS_KCP109C_dP25.0_02-25_11cores.xlsx,feldspar_1,feldspar_1
182,737,325,0,1.386614757264827,2.528036902842408,-21.72876133327231,-18.87385929225091,2.826215949137648,1.647364197926695,0.05484946662391602,2.839630034230351e-05,1.782621231898286e-06,-1.494722903752162e-09,5.226193790245557e-13,5.406032559689368e-12,Success,65.75924039047453,0,18.92310736068222,0,0,0,0,0,0,0,0.2678652573396828,3.813247873402211,11.23653911810135,0,0,0,0,0,0,KCP109C,/Users/lopezama/PycharmProjects/sci-cluster/review_outputs/rmelts_parity_audit_v2/2026-02-26/kcp109c_phase7_parity_20260225_222731/runs/kcp109c_phase7_parity_liam_exact/runs/20260225_222731/parallel-results/Parallel_MELTS_KCP109C_dP25.0_02-25_11cores.xlsx,feldspar_1,feldspar_1
183,736,325,0,7.49536095977221,2.528064424190881,-117.5181708185628,-102.0956130926629,15.2827208303026,8.918055596852419,0.2964861531236941,2.857124202472038e-05,1.784715040540123e-06,-8.809739560512583e-09,2.816726359988511e-12,3.132199238335817e-11,Success,65.82130262596085,0,18.93081150475117,0,0,0,0,0,0,0,0.2597400013828691,3.971783461091626,11.01636240681348,0,0,0,0,0,0,KCP109C,/Users/lopezama/PycharmProjects/sci-cluster/review_outputs/rmelts_parity_audit_v2/2026-02-26/kcp109c_phase7_parity_20260225_222731/runs/kcp109c_phase7_parity_liam_exact/runs/20260225_222731/parallel-results/Parallel_MELTS_KCP109C_dP25.0_02-25_11cores.xlsx,feldspar_1,feldspar_1
184,735,325,0,13.73957170077272,2.52812846785036,-215.5443978818337,-187.290323299025,28.02566540971946,16.37366885586949,0.5434680980613035,2.876012464205096e-05,1.786976572111002e-06,-1.760431502239492e-08,5.14686085338166e-12,6.15978750680443e-11,Success,65.88747173174683,0,18.93888999165438,0,0,0,0,0,0,0,0.250965308031794,4.140454648592249,10.78221831997475,0,0,0,0,0,0,KCP109C,/Users/lopezama/PycharmProjects/sci-cluster/review_outputs/rmelts_parity_audit_v2/2026-02-26/kcp109c_phase7_parity_20260225_222731/runs/kcp109c_phase7_parity_liam_exact/runs/20260225_222731/parallel-results/Parallel_MELTS_KCP109C_dP25.0_02-25_11cores.xlsx,feldspar_1,feldspar_1
185,734,325,0,20.58665286699488,2.528238694482093,-323.1678782920897,-280.8557226539928,42.01177147207162,24.5768252662832,0.814268562217858,2.89687438502351e-05,1.789481957820969e-06,-2.878862041982013e-08,7.684711173673315e-12,9.921888491516737e-11,Success,65.95986518359278,0,18.94765750042813,0,0,0,0,0,0,0,0.2413067108040542,4.324806348483006,10.52636425669201,0,0,0,0,0,0,KCP109C,/Users/lopezama/PycharmProjects/sci-cluster/review_outputs/rmelts_parity_audit_v2/2026-02-26/kcp109c_phase7_parity_20260225_222731/runs/kcp109c_phase7_parity_liam_exact/runs/20260225_222731/parallel-results/Parallel_MELTS_KCP109C_dP25.0_02-25_11cores.xlsx,feldspar_1,feldspar_1
186,733,325,0,25.47680431565647,2.528349528970708,-400.089957431876,-347.7729483612711,51.99722612990602,30.45592428833291,1.007645660686325,2.912657983172283e-05,1.791295622279639e-06,-3.816451819758756e-08,9.483466100364882e-12,1.300477184623964e-10,Success,66.01034540791443,0,18.95264962257802,0,0,0,0,0,0,0,0.2336464904750919,4.450414518997987,10.35294396003445,0,0,0,0,0,0,KCP109C,/Users/lopezama/PycharmProjects/sci-cluster/review_outputs/rmelts_parity_audit_v2/2026-02-26/kcp109c_phase7_parity_20260225_222731/runs/kcp109c_phase7_parity_liam_exact/runs/20260225_222731/parallel-results/Parallel_MELTS_KCP109C_dP25.0_02-25_11cores.xlsx,feldspar_1,feldspar_1
187,732,325,0,28.04257703095479,2.528424931360731,-440.4310588539179,-382.9175876315257,57.21879443107215,33.5518290937042,1.10909272737882,2.92236794584447e-05,1.792281932460636e-06,-4.416322247787096e-08,1.041833993464018e-11,1.492764617185492e-10,Success,66.03561872513625,0,18.95354583997249,0,0,0,0,0,0,0,0.2284887450105698,4.509097255665893,10.27324943421482,0,0,0,0,0,0,KCP109C,/Users/lopezama/PycharmProjects/sci-cluster/review_outputs/rmelts_parity_audit_v2/2026-02-26/kcp109c_phase7_parity_20260225_222731/runs/kcp109c_phase7_parity_liam_exact/runs/20260225_222731/parallel-results/Parallel_MELTS_KCP109C_dP25.0_02-25_11cores.xlsx,feldspar_1,feldspar_1
188,731,325,0,29.32719802266323,2.528474526023703,-460.5874714422957,-400.5269856384413,59.81226490450074,35.10958891987237,1.15987714018157,2.928823733968417e-05,1.792818304958417e-06,-4.808763977606788e-08,1.087956232974081e-11,1.614959887678199e-10,Success,66.0473117389978,0,18.95229072437133,0,0,0,0,0,0,0,0.2247248795620151,4.531868841628307,10.24380381544053,0,0,0,0,0,0,KCP109C,/Users/lopezama/PycharmProjects/sci-cluster/review_outputs/rmelts_parity_audit_v2/2026-02-26/kcp109c_phase7_parity_20260225_222731/runs/kcp109c_phase7_parity_liam_exact/runs/20260225_222731/parallel-results/Parallel_MELTS_KCP109C_dP25.0_02-25_11cores.xlsx,feldspar_1,feldspar_1
225,740,300,0,4.391767251477444,2.526871409139036,-68.96700083482379,-59.86732229838494,8.981570879375063,5.22208994233376,0.1738025621562524,2.849836642460413e-05,1.786523067799155e-06,-4.47937849278587e-09,1.654666281748134e-12,1.64167721769415e-11,Success,65.84061914157462,0,18.94975649775535,0,0,0,0,0,0,0,0.2708626072551126,4.064519208822817,10.87424254459209,0,0,0,0,0,0,KCP109C,/Users/lopezama/PycharmProjects/sci-cluster/review_outputs/rmelts_parity_audit_v2/2026-02-26/kcp109c_phase7_parity_20260225_222731/runs/kcp109c_phase7_parity_liam_exact/runs/20260225_222731/parallel-results/Parallel_MELTS_KCP109C_dP25.0_02-25_11cores.xlsx,feldspar_1,feldspar_1
226,739,300,0,11.68212763960104,2.526967708111939,-183.5635473290612,-159.3718219746988,23.9013242645481,13.9120106412108,0.4622982558146542,2.868160411194798e-05,1.788827477101799e-06,-1.301944228424351e-08,4.388316238709581e-12,4.685462179313117e-11,Success,65.90844431079643,0,18.95873778251891,0,0,0,0,0,0,0,0.2624463148354229,4.239249108878004,10.63112248297124,0,0,0,0,0,0,KCP109C,/Users/lopezama/PycharmProjects/sci-cluster/review_outputs/rmelts_parity_audit_v2/2026-02-26/kcp109c_phase7_parity_20260225_222731/runs/kcp109c_phase7_parity_liam_exact/runs/20260225_222731/parallel-results/Parallel_MELTS_KCP109C_dP25.0_02-25_11cores.xlsx,feldspar_1,feldspar_1
227,738,300,0,19.69276220077827,2.527117672060379,-309.6453456793957,-268.8847776301743,40.31109929211438,23.49144394088195,0.7792578247740478,2.88849870579973e-05,1.7913947103134e-06,-2.401432273442179e-08,7.373019589104384e-12,8.494369259826337e-11,Success,65.98301845821629,0,18.96860045341596,0,0,0,0,0,0,0,0.2531824063071419,4.431333338972535,10.36386534308807,0,0,0,0,0,0,KCP109C,/Users/lopezama/PycharmProjects/sci-cluster/review_outputs/rmelts_parity_audit_v2/2026-02-26/kcp109c_phase7_parity_20260225_222731/runs/kcp109c_phase7_parity_liam_exact/runs/20260225_222731/parallel-results/Parallel_MELTS_KCP109C_dP25.0_02-25_11cores.xlsx,feldspar_1,feldspar_1
228,737,300,0,25.50865830884797,2.527256804870356,-401.2584523451565,-348.5050652185874,52.22332042426282,30.46803619045573,1.009341759796212,2.903676216200476e-05,1.793237122786693e-06,-3.337153336936078e-08,9.525615178397616e-12,1.165383794590301e-10,Success,66.03469207897908,0,18.97428691838347,0,0,0,0,0,0,0,0.2458165654846988,4.561422324795817,10.18378211235695,0,0,0,0,0,0,KCP109C,/Users/lopezama/PycharmProjects/sci-cluster/review_outputs/rmelts_parity_audit_v2/2026-02-26/kcp109c_phase7_parity_20260225_222731/runs/kcp109c_phase7_parity_liam_exact/runs/20260225_222731/parallel-results/Parallel_MELTS_KCP109C_dP25.0_02-25_11cores.xlsx,feldspar_1,feldspar_1
229,736,300,0,28.26185308646301,2.527337819436706,-444.6056233863229,-386.2333312829824,57.8430283935397,33.78128975800831,1.118245960991555,2.912149155321726e-05,1.794137392504229e-06,-3.883106455236165e-08,1.05360756292643e-11,1.344223457417799e-10,Success,66.05782220553718,0,18.97501257816018,0,0,0,0,0,0,0,0.2410181883197522,4.614880769820308,10.11126625816258,0,0,0,0,0,0,KCP109C,/Users/lopezama/PycharmProjects/sci-cluster/review_outputs/rmelts_parity_audit_v2/2026-02-26/kcp109c_phase7_parity_20260225_222731/runs/kcp109c_phase7_parity_liam_exact/runs/20260225_222731/parallel-results/Parallel_MELTS_KCP109C_dP25.0_02-25_11cores.xlsx,feldspar_1,feldspar_1
230,735,300,0,29.58637373913009,2.527386468147769,-465.4148962161028,-404.396839194398,60.52478006418179,35.38193437990344,1.170631168284005,2.917614761068181e-05,1.794607341045084e-06,-4.230035218670717e-08,1.101596842290617e-11,1.454100748586219e-10,Success,66.06801602438075,0,18.97353096750077,0,0,0,0,0,0,0,0.2374172758801329,4.63371679948792,10.08731893275042,0,0,0,0,0,0,KCP109C,/Users/lopezama/PycharmProjects/sci-cluster/review_outputs/rmelts_parity_audit_v2/2026-02-26/kcp109c_phase7_parity_20260225_222731/runs/kcp109c_phase7_parity_liam_exact/runs/20260225_222731/parallel-results/Parallel_MELTS_KCP109C_dP25.0_02-25_11cores.xlsx,feldspar_1,feldspar_1
266,744,275,0,0.4154659861355816,2.525695922446345,-6.53451287174149,-5.667733709460394,0.8521645404130128,0.4937569445020829,0.01644956474939265,2.843285715011701e-05,1.788271404687643e-06,-3.662494248967704e-10,1.568880874001527e-13,1.389135291341683e-12,Success,65.85652791974945,0,18.96866019661172,0,0,0,0,0,0,0,0.2827462873603169,4.149551049551975,10.74251454672653,0,0,0,0,0,0,KCP109C,/Users/lopezama/PycharmProjects/sci-cluster/review_outputs/rmelts_parity_audit_v2/2026-02-26/kcp109c_phase7_parity_20260225_222731/runs/kcp109c_phase7_parity_liam_exact/runs/20260225_222731/parallel-results/Parallel_MELTS_KCP109C_dP25.0_02-25_11cores.xlsx,feldspar_1,feldspar_1
267,743,275,0,9.568126121634926,2.525835090289893,-150.5931269215824,-130.6401648837436,19.63584317063311,11.38892614614324,0.3788104044645599,2.862359006102728e-05,1.790791811863984e-06,-9.279456639635967e-09,3.602382111250428e-12,3.443893682240623e-11,Success,65.93119578825505,0,18.97961699520603,0,0,0,0,0,0,0,0.2743631770331081,4.344713370546595,10.47011066895922,0,0,0,0,0,0,KCP109C,/Users/lopezama/PycharmProjects/sci-cluster/review_outputs/rmelts_parity_audit_v2/2026-02-26/kcp109c_phase7_parity_20260225_222731/runs/kcp109c_phase7_parity_liam_exact/runs/20260225_222731/parallel-results/Parallel_MELTS_KCP109C_dP25.0_02-25_11cores.xlsx,feldspar_1,feldspar_1
268,742,275,0,18.36668903132341,2.526016648297563,-289.2615778479964,-250.9806847866331,37.70959273148139,21.89531985972725,0.7271008702061346,2.881034954230195e-05,1.793248013327675e-06,-1.946203413444344e-08,6.894621448230661e-12,7.087967635640458e-11,Success,66.00254624841904,0,18.98969916781053,0,0,0,0,0,0,0,0.2660325567520019,4.530187828900262,10.21153419811816,0,0,0,0,0,0,KCP109C,/Users/lopezama/PycharmProjects/sci-cluster/review_outputs/rmelts_parity_audit_v2/2026-02-26/kcp109c_phase7_parity_20260225_222731/runs/kcp109c_phase7_parity_liam_exact/runs/20260225_222731/parallel-results/Parallel_MELTS_KCP109C_dP25.0_02-25_11cores.xlsx,feldspar_1,feldspar_1
269,741,275,0,25.29593949002644,2.526185922699676,-398.5650444415065,-345.885329796911,51.94469717950551,30.19245503413473,1.001349079761844,2.895753911715131e-05,1.7951287007578e-06,-2.880573714591537e-08,9.472641499789727e-12,1.03393395205169e-10,Success,66.05559260244098,0,18.99620726560484,0,0,0,0,0,0,0,0.2590242655504323,4.665491159596038,10.02368470680771,0,0,0,0,0,0,KCP109C,/Users/lopezama/PycharmProjects/sci-cluster/review_outputs/rmelts_parity_audit_v2/2026-02-26/kcp109c_phase7_parity_20260225_222731/runs/kcp109c_phase7_parity_liam_exact/runs/20260225_222731/parallel-results/Parallel_MELTS_KCP109C_dP25.0_02-25_11cores.xlsx,feldspar_1,feldspar_1
270,740,275,0,28.37210805226388,2.52627343918468,-447.0675981145594,-388.0578235567674,58.24386769756899,33.88595450259258,1.123081437353059,2.903359134398968e-05,1.795980145611287e-06,-3.391809527162973e-08,1.060897092595172e-11,1.205806267212139e-10,Success,66.07762129948944,0,18.99692213398401,0,0,0,0,0,0,0,0.2544739867519044,4.716466292956367,9.95451628681828,0,0,0,0,0,0,KCP109C,/Users/lopezama/PycharmProjects/sci-cluster/review_outputs/rmelts_parity_audit_v2/2026-02-26/kcp109c_phase7_parity_20260225_222731/runs/kcp109c_phase7_parity_liam_exact/runs/20260225_222731/parallel-results/Parallel_MELTS_KCP109C_dP25.0_02-25_11cores.xlsx,feldspar_1,feldspar_1
271,739,275,0,29.79358738054624,2.526321380722593,-469.4334547789892,-407.5587407963317,61.1319606606309,35.59852581774377,1.179326890390505,2.908071586205147e-05,1.796405293957786e-06,-3.704852724888856e-08,1.112843519520845e-11,1.307051215921765e-10,Success,66.08690218511175,0,18.99528699523733,0,0,0,0,0,0,0,0.2509594307822156,4.732864850106171,9.93398653876252,0,0,0,0,0,0,KCP109C,/Users/lopezama/PycharmProjects/sci-cluster/review_outputs/rmelts_parity_audit_v2/2026-02-26/kcp109c_phase7_parity_20260225_222731/runs/kcp109c_phase7_parity_liam_exact/runs/20260225_222731/parallel-results/Parallel_MELTS_KCP109C_dP25.0_02-25_11cores.xlsx,feldspar_1,feldspar_1
314,747,250,0,7.989826916843426,2.524746596660568,-125.9696565159796,-109.1900194256024,16.44820574462306,9.50821155269103,0.3164605480570372,2.859413487106814e-05,1.793015112150046e-06,-6.77486430466428e-09,3.013186036242818e-12,2.597869052323579e-11,Success,65.96025107963052,0,19.00256138519371,0,0,0,0,0,0,0,0.2865129350909082,4.469644043264824,10.28103055682006,0,0,0,0,0,0,KCP109C,/Users/lopezama/PycharmProjects/sci-cluster/review_outputs/rmelts_parity_audit_v2/2026-02-26/kcp109c_phase7_parity_20260225_222731/runs/kcp109c_phase7_parity_liam_exact/runs/20260225_222731/parallel-results/Parallel_MELTS_KCP109C_dP25.0_02-25_11cores.xlsx,feldspar_1,feldspar_1
315,746,250,0,17.86404173525096,2.524963709435726,-281.8251713790044,-244.3296879898938,36.79093694658356,21.28858383761654,0.7074969698967748,2.876701789806167e-05,1.795379659166292e-06,-1.652743099773839e-08,6.71911175441581e-12,6.208900058515111e-11,Success,66.02872317109868,0,19.01292362165048,0,0,0,0,0,0,0,0.279084992751897,4.649437237404936,10.02983097709402,0,0,0,0,0,0,KCP109C,/Users/lopezama/PycharmProjects/sci-cluster/review_outputs/rmelts_parity_audit_v2/2026-02-26/kcp109c_phase7_parity_20260225_222731/runs/kcp109c_phase7_parity_liam_exact/runs/20260225_222731/parallel-results/Parallel_MELTS_KCP109C_dP25.0_02-25_11cores.xlsx,feldspar_1,feldspar_1
316,745,250,0,25.37203034764729,2.525149645344961,-400.429842627994,-347.2223626352446,52.25897951456025,30.26804806565628,1.004773336678081,2.889815500281828e-05,1.797120766393541e-06,-2.516675480441746e-08,9.522793339910301e-12,9.30830457909837e-11,Success,66.07767005599041,0,19.01926379913951,0,0,0,0,0,0,0,0.272894712697267,4.775162778459266,9.85500865371356,0,0,0,0,0,0,KCP109C,/Users/lopezama/PycharmProjects/sci-cluster/review_outputs/rmelts_parity_audit_v2/2026-02-26/kcp109c_phase7_parity_20260225_222731/runs/kcp109c_phase7_parity_liam_exact/runs/20260225_222731/parallel-results/Parallel_MELTS_KCP109C_dP25.0_02-25_11cores.xlsx,feldspar_1,feldspar_1
317,744,250,0,28.61224077773624,2.52523748478024,-451.5899300048399,-391.6665784066453,58.91299375529137,34.15200651741963,1.13305148328361,2.896310905999084e-05,1.797875953488733e-06,-2.974869586811489e-08,1.07255801881826e-11,1.089044015025056e-10,Success,66.09712881312112,0,19.01966561160503,0,0,0,0,0,0,0,0.2686858149209101,4.819588743276368,9.794931017076586,0,0,0,0,0,0,KCP109C,/Users/lopezama/PycharmProjects/sci-cluster/review_outputs/rmelts_parity_audit_v2/2026-02-26/kcp109c_phase7_parity_20260225_222731/runs/kcp109c_phase7_parity_liam_exact/runs/20260225_222731/parallel-results/Parallel_MELTS_KCP109C_dP25.0_02-25_11cores.xlsx,feldspar_1,feldspar_1
318,743,250,0,30.07371001823172,2.525282119477207,-474.615843578251,-411.7254798746798,61.89082684994459,35.90870797267804,1.190904960134026,2.900253314571432e-05,1.798243830307778e-06,-3.249895960697788e-08,1.126316875234321e-11,1.179906129434716e-10,Success,66.10508126876472,0,19.01777144542552,0,0,0,0,0,0,0,0.2652675270621754,4.832347056508957,9.77953270223862,0,0,0,0,0,0,KCP109C,/Users/lopezama/PycharmProjects/sci-cluster/review_outputs/rmelts_parity_audit_v2/2026-02-26/kcp109c_phase7_parity_20260225_222731/runs/kcp109c_phase7_parity_liam_exact/runs/20260225_222731/parallel-results/Parallel_MELTS_KCP109C_dP25.0_02-25_11cores.xlsx,feldspar_1,feldspar_1
363,751,225,0,9.104923699675563,2.523756567551999,-143.8311503714234,-124.5696025453143,18.80735031597825,10.83767074752672,0.3607686976128281,2.861624802018858e-05,1.795881159474208e-06,-6.848541066491111e-09,3.436445110077673e-12,2.711380671537556e-11,Success,66.00706493474102,0,19.0304012868991,0,0,0,0,0,0,0,0.2985578568516493,4.64699514471702,10.0169807767912,0,0,0,0,0,0,KCP109C,/Users/lopezama/PycharmProjects/sci-cluster/review_outputs/rmelts_parity_audit_v2/2026-02-26/kcp109c_phase7_parity_20260225_222731/runs/kcp109c_phase7_parity_liam_exact/runs/20260225_222731/parallel-results/Parallel_MELTS_KCP109C_dP25.0_02-25_11cores.xlsx,feldspar_1,feldspar_1
364,750,225,0,19.78631105350268,2.524002985535732,-312.7382773784309,-270.9083129433162,40.88351115194705,23.5801659898004,0.7839258181108267,2.876769280637381e-05,1.798024074662364e-06,-1.615361551683591e-08,7.450778937290785e-12,6.261984318822688e-11,Success,66.06842930360087,0,19.04016286366698,0,0,0,0,0,0,0,0.2922928402196526,4.809370556313539,9.789744436198935,0,0,0,0,0,0,KCP109C,/Users/lopezama/PycharmProjects/sci-cluster/review_outputs/rmelts_parity_audit_v2/2026-02-26/kcp109c_phase7_parity_20260225_222731/runs/kcp109c_phase7_parity_liam_exact/runs/20260225_222731/parallel-results/Parallel_MELTS_KCP109C_dP25.0_02-25_11cores.xlsx,feldspar_1,feldspar_1
365,749,225,0,26.50083543331616,2.524166867907337,-418.9690476694577,-363.0038689749713,54.7524127520289,31.6064389729164,1.049884449806074,2.886373647479683e-05,1.799319261540993e-06,-2.29764802401369e-08,9.963474141232864e-12,8.775649957428974e-11,Success,66.10411745773949,0,19.04429940756775,0,0,0,0,0,0,0,0.2873782577092674,4.899764559715799,9.664440317267701,0,0,0,0,0,0,KCP109C,/Users/lopezama/PycharmProjects/sci-cluster/review_outputs/rmelts_parity_audit_v2/2026-02-26/kcp109c_phase7_parity_20260225_222731/runs/kcp109c_phase7_parity_liam_exact/runs/20260225_222731/parallel-results/Parallel_MELTS_KCP109C_dP25.0_02-25_11cores.xlsx,feldspar_1,feldspar_1
366,748,225,0,29.28361219822128,2.524237164167128,-462.9542935758649,-401.1989104052045,60.47630923043661,34.93885824917347,1.160097498520247,2.891081628710451e-05,1.799862452069154e-06,-2.650305357576951e-08,1.099936800342936e-11,1.001807926472979e-10,Success,66.11758104209159,0,19.04358304683958,0,0,0,0,0,0,0,0.2836457355665897,4.927895436316684,9.62729473918556,0,0,0,0,0,0,KCP109C,/Users/lopezama/PycharmProjects/sci-cluster/review_outputs/rmelts_parity_audit_v2/2026-02-26/kcp109c_phase7_parity_20260225_222731/runs/kcp109c_phase7_parity_liam_exact/runs/20260225_222731/parallel-results/Parallel_MELTS_KCP109C_dP25.0_02-25_11cores.xlsx,feldspar_1,feldspar_1
367,747,225,0,30.58546999529242,2.524272309927309,-483.4808550869212,-419.0777857304895,63.1309801072702,36.50149965843029,1.21165493417678,2.894099485753953e-05,1.800139925221777e-06,-2.872565003281464e-08,1.148002677062768e-11,1.076325474957944e-10,Success,66.12320526595651,0,19.04117184399301,0,0,0,0,0,0,0,0.2803441436992989,4.934108422043938,9.621170324307249,0,0,0,0,0,0,KCP109C,/Users/lopezama/PycharmProjects/sci-cluster/review_outputs/rmelts_parity_audit_v2/2026-02-26/kcp109c_phase7_parity_20260225_222731/runs/kcp109c_phase7_parity_liam_exact/runs/20260225_222731/parallel-results/Parallel_MELTS_KCP109C_dP25.0_02-25_11cores.xlsx,feldspar_1,feldspar_1
416,756,200,0,3.488345278360204,2.52267545309097,-55.20057212455703,-47.75936035225978,7.230444320358792,4.15068374768612,0.1382795901900906,2.855898229289338e-05,1.7975347988076e-06,-2.184712754423329e-09,1.319095877382802e-12,9.12233896623556e-12,Success,66.01801303958321,0,19.05529117567195,0,0,0,0,0,0,0,0.316537700604797,4.736667900041724,9.873490184098321,0,0,0,0,0,0,KCP109C,/Users/lopezama/PycharmProjects/sci-cluster/review_outputs/rmelts_parity_audit_v2/2026-02-26/kcp109c_phase7_parity_20260225_222731/runs/kcp109c_phase7_parity_liam_exact/runs/20260225_222731/parallel-results/Parallel_MELTS_KCP109C_dP25.0_02-25_11cores.xlsx,feldspar_1,feldspar_1
417,755,200,0,15.53779846303165,2.522937080057429,-246.000290564711,-212.87961249619,32.21385796675676,18.50757247444641,0.6158615125938047,2.869458649365958e-05,1.799529536387775e-06,-1.055196724676075e-08,5.863769559357239e-12,4.302985096475689e-11,Success,66.07497720873928,0,19.0650449964406,0,0,0,0,0,0,0,0.3112930030963283,4.889215221551686,9.659469570172089,0,0,0,0,0,0,KCP109C,/Users/lopezama/PycharmProjects/sci-cluster/review_outputs/rmelts_parity_audit_v2/2026-02-26/kcp109c_phase7_parity_20260225_222731/runs/kcp109c_phase7_parity_liam_exact/runs/20260225_222731/parallel-results/Parallel_MELTS_KCP109C_dP25.0_02-25_11cores.xlsx,feldspar_1,feldspar_1
418,754,200,0,24.72382123813107,2.523146601591918,-391.5604012085892,-338.9101608917313,51.25857013762151,29.47296749461191,0.9798804882178539,2.879706530250745e-05,1.801000786940391e-06,-1.793171579829446e-08,9.315647356484971e-12,7.179324632909802e-11,Success,66.1159260073295,0,19.07099350304491,0,0,0,0,0,0,0,0.3066458191189412,4.996086462035787,9.51034820847086,0,0,0,0,0,0,KCP109C,/Users/lopezama/PycharmProjects/sci-cluster/review_outputs/rmelts_parity_audit_v2/2026-02-26/kcp109c_phase7_parity_20260225_222731/runs/kcp109c_phase7_parity_liam_exact/runs/20260225_222731/parallel-results/Parallel_MELTS_KCP109C_dP25.0_02-25_11cores.xlsx,feldspar_1,feldspar_1
419,753,200,0,28.78509076852334,2.523235839931219,-455.8860662068121,-394.6700236338895,59.65603720013898,34.32759238996798,1.14080064625699,2.884574661757824e-05,1.801626010811786e-06,-2.184917018024016e-08,1.083617147729344e-11,8.640051336751918e-11,Success,66.13204026024897,0,19.07100810466554,0,0,0,0,0,0,0,0.3028978562721113,5.032042345595696,9.462011433217684,0,0,0,0,0,0,KCP109C,/Users/lopezama/PycharmProjects/sci-cluster/review_outputs/rmelts_parity_audit_v2/2026-02-26/kcp109c_phase7_parity_20260225_222731/runs/kcp109c_phase7_parity_liam_exact/runs/20260225_222731/parallel-results/Parallel_MELTS_KCP109C_dP25.0_02-25_11cores.xlsx,feldspar_1,feldspar_1
420,752,200,0,30.51392909595618,2.523273221925924,-483.2144917033798,-418.4190709267035,63.20579503163082,36.39739329780862,1.209299446084796,2.88731075689493e-05,1.801910937982636e-06,-2.405088370542885e-08,1.14798023684631e-11,9.415447862215237e-11,Success,66.138227359313,0,19.06865953811829,0,0,0,0,0,0,0,0.2995166018533453,5.039674197232773,9.4539223034826,0,0,0,0,0,0,KCP109C,/Users/lopezama/PycharmProjects/sci-cluster/review_outputs/rmelts_parity_audit_v2/2026-02-26/kcp109c_phase7_parity_20260225_222731/runs/kcp109c_phase7_parity_liam_exact/runs/20260225_222731/parallel-results/Parallel_MELTS_KCP109C_dP25.0_02-25_11cores.xlsx,feldspar_1,feldspar_1
421,751,200,0,31.43543869877493,2.523293047988218,-497.7334343086036,-431.0846724187323,65.07714874761642,37.50299684973928,1.245810062522778,2.889365635080872e-05,1.802081677738571e-06,-2.566120360321114e-08,1.182002240098412e-11,9.954120165556521e-11,Success,66.14104986725567,0,19.06553060191557,0,0,0,0,0,0,0,0.2962766092866289,5.037760192675566,9.45938272886656,0,0,0,0,0,0,KCP109C,/Users/lopezama/PycharmProjects/sci-cluster/review_outputs/rmelts_parity_audit_v2/2026-02-26/kcp109c_phase7_parity_20260225_222731/runs/kcp109c_phase7_parity_liam_exact/runs/20260225_222731/parallel-results/Parallel_MELTS_KCP109C_dP25.0_02-25_11cores.xlsx,feldspar_1,feldspar_1
474,761,175,0,8.34094497887695,2.521883709858406,-132.3023167961991,-114.3480512801529,17.36137457433274,9.931154260715038,0.3307426486903816,2.862720662875267e-05,1.80097936358161e-06,-4.539259917875518e-09,3.154159485069124e-12,1.984355995947206e-11,Success,66.07976219598221,0,19.09431104562817,0,0,0,0,0,0,0,0.3343212912694118,4.976626652250283,9.514978814869918,0,0,0,0,0,0,KCP109C,/Users/lopezama/PycharmProjects/sci-cluster/review_outputs/rmelts_parity_audit_v2/2026-02-26/kcp109c_phase7_parity_20260225_222731/runs/kcp109c_phase7_parity_liam_exact/runs/20260225_222731/parallel-results/Parallel_MELTS_KCP109C_dP25.0_02-25_11cores.xlsx,feldspar_1,feldspar_1
475,760,175,0,20.15198101349051,2.522121925239827,-319.7524504801672,-276.4158200152336,41.9461166964463,24.01200716011488,0.7990089936502286,2.87253633990934e-05,1.8024645094691e-06,-1.174946050739111e-08,7.60941872552914e-12,5.023232954422068e-11,Success,66.12113783548655,0,19.10120081459407,0,0,0,0,0,0,0,0.3303510617148731,5.086917618066522,9.360392670137959,0,0,0,0,0,0,KCP109C,/Users/lopezama/PycharmProjects/sci-cluster/review_outputs/rmelts_parity_audit_v2/2026-02-26/kcp109c_phase7_parity_20260225_222731/runs/kcp109c_phase7_parity_liam_exact/runs/20260225_222731/parallel-results/Parallel_MELTS_KCP109C_dP25.0_02-25_11cores.xlsx,feldspar_1,feldspar_1
476,759,175,0,26.76542960551513,2.522251673136636,-424.723417486988,-367.2370923807678,55.6957080910916,31.90591076385293,1.061172042844956,2.878148074746405e-05,1.803269548430303e-06,-1.642359670632922e-08,1.009727982297214e-11,6.910132883450349e-11,Success,66.14264521471074,0,19.10284098693421,0,0,0,0,0,0,0,0.3266858095336775,5.13915724567738,9.288670743143983,0,0,0,0,0,0,KCP109C,/Users/lopezama/PycharmProjects/sci-cluster/review_outputs/rmelts_parity_audit_v2/2026-02-26/kcp109c_phase7_parity_20260225_222731/runs/kcp109c_phase7_parity_liam_exact/runs/20260225_222731/parallel-results/Parallel_MELTS_KCP109C_dP25.0_02-25_11cores.xlsx,feldspar_1,feldspar_1
477,758,175,0,29.83140733588752,2.522304420241555,-473.3389467856234,-409.3605244651584,62.04569880275904,35.56859842555438,1.182704478352801,2.881042189552543e-05,1.803632535728624e-06,-1.905767544535348e-08,1.124733576105474e-11,7.920004753603154e-11,Success,66.15140552447278,0,19.10109744206076,0,0,0,0,0,0,0,0.3232032856488493,5.154111194512998,9.27018255330462,0,0,0,0,0,0,KCP109C,/Users/lopezama/PycharmProjects/sci-cluster/review_outputs/rmelts_parity_audit_v2/2026-02-26/kcp109c_phase7_parity_20260225_222731/runs/kcp109c_phase7_parity_liam_exact/runs/20260225_222731/parallel-results/Parallel_MELTS_KCP109C_dP25.0_02-25_11cores.xlsx,feldspar_1,feldspar_1
478,757,175,0,31.24989709235218,2.522325444992002,-495.7762305075887,-428.8580808589051,64.95961719039319,37.26512221513045,1.238932000404542,2.882863287769644e-05,1.803817031706719e-06,-2.069575035542461e-08,1.177679769806731e-11,8.508253635483551e-11,Success,66.15501040436756,0,19.09800563826211,0,0,0,0,0,0,0,0.3198113734155347,5.154038419154786,9.273134164800023,0,0,0,0,0,0,KCP109C,/Users/lopezama/PycharmProjects/sci-cluster/review_outputs/rmelts_parity_audit_v2/2026-02-26/kcp109c_phase7_parity_20260225_222731/runs/kcp109c_phase7_parity_liam_exact/runs/20260225_222731/parallel-results/Parallel_MELTS_KCP109C_dP25.0_02-25_11cores.xlsx,feldspar_1,feldspar_1
562,768,150,0,0.5867894628714796,2.52096045201455,-9.328456123757066,-8.050759621401761,1.227197332137832,0.6986829987942427,0.02327642476114865,2.860589987833191e-05,1.802954239623924e-06,-2.491613224681184e-10,2.221781041885442e-13,1.192165357263359e-12,Success,66.09868101941954,0,19.13325498082682,0,0,0,0,0,0,0,0.3620360244852346,5.120920326465948,9.285107648802445,0,0,0,0,0,0,KCP109C,/Users/lopezama/PycharmProjects/sci-cluster/review_outputs/rmelts_parity_audit_v2/2026-02-26/kcp109c_phase7_parity_20260225_222731/runs/kcp109c_phase7_parity_liam_exact/runs/20260225_222731/parallel-results/Parallel_MELTS_KCP109C_dP25.0_02-25_11cores.xlsx,feldspar_1,feldspar_1
563,767,150,0,14.86297698197274,2.521193234105618,-236.345277603083,-204.0156250747736,31.08172141355519,17.70770279406894,0.5895215321425098,2.868578355837988e-05,1.804221239434884e-06,-6.748786761095586e-09,5.621041511260862e-12,3.148313137703689e-11,Success,66.13357730942896,0,19.13933223562987,0,0,0,0,0,0,0,0.358907317472006,5.214638553462756,9.153544584006413,0,0,0,0,0,0,KCP109C,/Users/lopezama/PycharmProjects/sci-cluster/review_outputs/rmelts_parity_audit_v2/2026-02-26/kcp109c_phase7_parity_20260225_222731/runs/kcp109c_phase7_parity_liam_exact/runs/20260225_222731/parallel-results/Parallel_MELTS_KCP109C_dP25.0_02-25_11cores.xlsx,feldspar_1,feldspar_1
564,766,150,0,24.79951306489877,2.521348423479171,-394.393281754368,-340.5159943610566,51.84745935939123,29.55800781032012,0.9835813580527791,2.874052386431027e-05,1.805068016403932e-06,-1.189240786459609e-08,9.370927348645488e-12,5.438196480035469e-11,Success,66.15632770420747,0,19.14179079465061,0,0,0,0,0,0,0,0.3556272044090213,5.271794881298009,9.074459415434898,0,0,0,0,0,0,KCP109C,/Users/lopezama/PycharmProjects/sci-cluster/review_outputs/rmelts_parity_audit_v2/2026-02-26/kcp109c_phase7_parity_20260225_222731/runs/kcp109c_phase7_parity_liam_exact/runs/20260225_222731/parallel-results/Parallel_MELTS_KCP109C_dP25.0_02-25_11cores.xlsx,feldspar_1,feldspar_1
565,765,150,0,28.91328418600166,2.521401249695093,-459.7784013043646,-397.0545386587896,60.41888228635072,34.46713364216923,1.146714914553884,2.876498114732482e-05,1.805411475284218e-06,-1.445031354994983e-08,1.092023801332184e-11,6.510897010007399e-11,Success,66.16481942926899,0,19.13995957153589,0,0,0,0,0,0,0,0.352135015123958,5.285920249180058,9.057165734891095,0,0,0,0,0,0,KCP109C,/Users/lopezama/PycharmProjects/sci-cluster/review_outputs/rmelts_parity_audit_v2/2026-02-26/kcp109c_phase7_parity_20260225_222731/runs/kcp109c_phase7_parity_liam_exact/runs/20260225_222731/parallel-results/Parallel_MELTS_KCP109C_dP25.0_02-25_11cores.xlsx,feldspar_1,feldspar_1
566,764,150,0,31.03309890733875,2.521419649196874,-493.4175548314191,-426.1970411784204,64.81272106541837,36.99788189695549,1.230778816101614,2.877967548081492e-05,1.805588770827294e-06,-1.609394196555821e-08,1.171674813056647e-11,7.158103659598719e-11,Success,66.16859596070115,0,19.13672652228361,0,0,0,0,0,0,0,0.3485865217388391,5.285859677696515,9.060231317579868,0,0,0,0,0,0,KCP109C,/Users/lopezama/PycharmProjects/sci-cluster/review_outputs/rmelts_parity_audit_v2/2026-02-26/kcp109c_phase7_parity_20260225_222731/runs/kcp109c_phase7_parity_liam_exact/runs/20260225_222731/parallel-results/Parallel_MELTS_KCP109C_dP25.0_02-25_11cores.xlsx,feldspar_1,feldspar_1
567,763,150,0,32.1389647331839,2.521423443678886,-510.9144989883966,-441.4063375437884,67.08310712214279,38.31906044546703,1.274635754409085,2.879035006290592e-05,1.805694337354894e-06,-1.726178722286954e-08,1.213055876717324e-11,7.585686799149467e-11,Success,66.17030932321279,0,19.13290601047107,0,0,0,0,0,0,0,0.3450347739825342,5.279659904307577,9.072089988026036,0,0,0,0,0,0,KCP109C,/Users/lopezama/PycharmProjects/sci-cluster/review_outputs/rmelts_parity_audit_v2/2026-02-26/kcp109c_phase7_parity_20260225_222731/runs/kcp109c_phase7_parity_liam_exact/runs/20260225_222731/parallel-results/Parallel_MELTS_KCP109C_dP25.0_02-25_11cores.xlsx,feldspar_1,feldspar_1
643,776,125,0,8.88545135666082,2.520471609455702,-141.683081175689,-122.0706685022127,18.69362119189471,10.58958118004936,0.3525313010202738,2.868979784261546e-05,1.80642801617735e-06,-2.932490601595807e-09,3.363252775989312e-12,1.560561688381973e-11,Success,66.15686867573362,0,19.19367753158702,0,0,0,0,0,0,0,0.398308066399596,5.409066191802548,8.842079534477225,0,0,0,0,0,0,KCP109C,/Users/lopezama/PycharmProjects/sci-cluster/review_outputs/rmelts_parity_audit_v2/2026-02-26/kcp109c_phase7_parity_20260225_222731/runs/kcp109c_phase7_parity_liam_exact/runs/20260225_222731/parallel-results/Parallel_MELTS_KCP109C_dP25.0_02-25_11cores.xlsx,feldspar_1,feldspar_1
644,775,125,0,20.26848712234694,2.520568958258015,-323.1861078623401,-278.5090238831916,42.62470445942704,24.16075239214183,0.8041234918783833,2.872029966937846e-05,1.806934140947077e-06,-7.029868777056905e-09,7.668083966945037e-12,3.659977851548311e-11,Success,66.1701335093532,0,19.19352044062126,0,0,0,0,0,0,0,0.3950833229177779,5.438220670991054,8.803042056116707,0,0,0,0,0,0,KCP109C,/Users/lopezama/PycharmProjects/sci-cluster/review_outputs/rmelts_parity_audit_v2/2026-02-26/kcp109c_phase7_parity_20260225_222731/runs/kcp109c_phase7_parity_liam_exact/runs/20260225_222731/parallel-results/Parallel_MELTS_KCP109C_dP25.0_02-25_11cores.xlsx,feldspar_1,feldspar_1
645,774,125,0,27.24311948903376,2.520616938871689,-434.3581885688567,-374.3936842918906,57.26448386283349,32.47865524409005,1.080811569140239,2.873921128699808e-05,1.807239634790333e-06,-9.867419797110028e-09,1.03031811230352e-11,5.042196157823483e-11,Success,66.17785534429852,0,19.19138791298693,0,0,0,0,0,0,0,0.3915221961575542,5.449839877391656,8.789394669165329,0,0,0,0,0,0,KCP109C,/Users/lopezama/PycharmProjects/sci-cluster/review_outputs/rmelts_parity_audit_v2/2026-02-26/kcp109c_phase7_parity_20260225_222731/runs/kcp109c_phase7_parity_liam_exact/runs/20260225_222731/parallel-results/Parallel_MELTS_KCP109C_dP25.0_02-25_11cores.xlsx,feldspar_1,feldspar_1
646,773,125,0,30.2210179655771,2.520622750676364,-481.7615742459127,-415.3431997709712,63.48838548481716,36.03049758700961,1.19895045609137,2.874823593644141e-05,1.807374004180291e-06,-1.137242578383866e-08,1.142684880773114e-11,5.718092620650159e-11,Success,66.18085545590262,0,19.18760324312765,0,0,0,0,0,0,0,0.3876997755684637,5.446602172120033,8.797239353281233,0,0,0,0,0,0,KCP109C,/Users/lopezama/PycharmProjects/sci-cluster/review_outputs/rmelts_parity_audit_v2/2026-02-26/kcp109c_phase7_parity_20260225_222731/runs/kcp109c_phase7_parity_liam_exact/runs/20260225_222731/parallel-results/Parallel_MELTS_KCP109C_dP25.0_02-25_11cores.xlsx,feldspar_1,feldspar_1
647,772,125,0,26.50055305029032,2.559801817847903,-430.5045331357572,-371.7332647229701,56.23237660889546,32.16724405850551,1.035257997924623,3.068492813802382e-05,1.818506061376476e-06,-2.083695076853322e-08,9.35200009746238e-12,8.279439170658973e-11,Success,65.51975529350096,0,21.02480420431183,0,0,0,0,0,0,0,2.057666781382039,8.7908499448303,2.606923775974878,0,0,0,0,0,0,KCP109C,/Users/lopezama/PycharmProjects/sci-cluster/review_outputs/rmelts_parity_audit_v2/2026-02-26/kcp109c_phase7_parity_20260225_222731/runs/kcp109c_phase7_parity_liam_exact/runs/20260225_222731/parallel-results/Parallel_MELTS_KCP109C_dP25.0_02-25_11cores.xlsx,feldspar_1,feldspar_1
648,770,125,0,26.73511682449276,2.560001411491386,-434.2265832112631,-375.1114279342333,56.66985119784287,32.46487184483149,1.044339925145495,3.074148823096334e-05,1.819078813196501e-06,-2.242457105475718e-08,9.4223285493988e-12,8.761706341767052e-11,Success,65.52871621882686,0,21.02327270957842,0,0,0,0,0,0,0,2.054312390524273,8.806807123411486,2.586891557658954,0,0,0,0,0,0,KCP109C,/Users/lopezama/PycharmProjects/sci-cluster/review_outputs/rmelts_parity_audit_v2/2026-02-26/kcp109c_phase7_parity_20260225_222731/runs/kcp109c_phase7_parity_liam_exact/runs/20260225_222731/parallel-results/Parallel_MELTS_KCP109C_dP25.0_02-25_11cores.xlsx,feldspar_1,feldspar_1
716,788,100,0,0.1606043861733948,2.520212143954191,-2.570339827796618,-2.208902738869514,0.3406088573030236,0.1916051426348034,0.006372653451364134,2.876103189342557e-05,1.809309354101853e-06,-3.399045439597122e-11,6.077024858319508e-14,2.262324235618225e-13,Success,66.19261741517371,0,19.27795825092383,0,0,0,0,0,0,0,0.4594991126004546,5.70976183403396,8.360163387268027,0,0,0,0,0,0,KCP109C,/Users/lopezama/PycharmProjects/sci-cluster/review_outputs/rmelts_parity_audit_v2/2026-02-26/kcp109c_phase7_parity_20260225_222731/runs/kcp109c_phase7_parity_liam_exact/runs/20260225_222731/parallel-results/Parallel_MELTS_KCP109C_dP25.0_02-25_11cores.xlsx,feldspar_1,feldspar_1
717,787,100,0,14.85308485803572,2.520153579141664,-237.6569568444288,-204.2826453931582,31.48074465997316,17.71880737301894,0.5893722105259359,2.875607524125811e-05,1.809263295178926e-06,-3.268855799993288e-09,5.620307826947516e-12,2.129172782834014e-11,Success,66.19150322945448,0,19.2716146802109,0,0,0,0,0,0,0,0.4545255796515658,5.690643284721254,8.391713225961803,0,0,0,0,0,0,KCP109C,/Users/lopezama/PycharmProjects/sci-cluster/review_outputs/rmelts_parity_audit_v2/2026-02-26/kcp109c_phase7_parity_20260225_222731/runs/kcp109c_phase7_parity_liam_exact/runs/20260225_222731/parallel-results/Parallel_MELTS_KCP109C_dP25.0_02-25_11cores.xlsx,feldspar_1,feldspar_1
718,786,100,0,24.33268626903561,2.520105396346926,-389.2509280018617,-334.6612609949233,51.54101591553456,29.02567756624453,0.9655424056592069,2.87529645303594e-05,1.809245645657006e-06,-5.570785329419453e-09,9.20726934166385e-12,3.551582867909073e-11,Success,66.19107044852784,0,19.26567246058287,0,0,0,0,0,0,0,0.4497241702873715,5.674096026776205,8.419436893825704,0,0,0,0,0,0,KCP109C,/Users/lopezama/PycharmProjects/sci-cluster/review_outputs/rmelts_parity_audit_v2/2026-02-26/kcp109c_phase7_parity_20260225_222731/runs/kcp109c_phase7_parity_liam_exact/runs/20260225_222731/parallel-results/Parallel_MELTS_KCP109C_dP25.0_02-25_11cores.xlsx,feldspar_1,feldspar_1
719,785,100,0,29.21093947466721,2.520062663646281,-467.1897435963978,-401.7574191927245,61.83653017405216,34.84303086898455,1.15913544119581,2.875084366244305e-05,1.8092415659639e-06,-6.956134044614201e-09,1.105290035458121e-11,4.342659345025072e-11,Success,66.19093926251954,0,19.25994490166201,0,0,0,0,0,0,0,0.4450294857390356,5.658783920647352,8.445302429432056,0,0,0,0,0,0,KCP109C,/Users/lopezama/PycharmProjects/sci-cluster/review_outputs/rmelts_parity_audit_v2/2026-02-26/kcp109c_phase7_parity_20260225_222731/runs/kcp109c_phase7_parity_liam_exact/runs/20260225_222731/parallel-results/Parallel_MELTS_KCP109C_dP25.0_02-25_11cores.xlsx,feldspar_1,feldspar_1
720,784,100,0,31.59826032157859,2.520023505755993,-505.2666091569697,-434.5962809448815,66.84985878265915,37.68896608919499,1.253887523247498,2.874939309380161e-05,1.809245468974627e-06,-7.824502423777662e-09,1.195579066560337e-11,4.785804987368468e-11,Success,66.19096676021752,0,19.25436080307158,0,0,0,0,0,0,0,0.4404161310668293,5.644201714023505,8.470054591620576,0,0,0,0,0,0,KCP109C,/Users/lopezama/PycharmProjects/sci-cluster/review_outputs/rmelts_parity_audit_v2/2026-02-26/kcp109c_phase7_parity_20260225_222731/runs/kcp109c_phase7_parity_liam_exact/runs/20260225_222731/parallel-results/Parallel_MELTS_KCP109C_dP25.0_02-25_11cores.xlsx,feldspar_1,feldspar_1
721,783,100,0,25.67161261452222,2.55702753057705,-417.7068207324028,-359.8306356819151,54.79920944040882,31.10245106602881,1.003963090249907,3.03976932476303e-05,1.817644111844613e-06,-1.371150494573729e-08,9.126078219373928e-12,6.121308486449682e-11,Success,65.50799142334805,0,20.99960390787193,0,0,0,0,0,0,0,2.039621194224297,8.69854490358351,2.754238570972204,0,0,0,0,0,0,KCP109C,/Users/lopezama/PycharmProjects/sci-cluster/review_outputs/rmelts_parity_audit_v2/2026-02-26/kcp109c_phase7_parity_20260225_222731/runs/kcp109c_phase7_parity_liam_exact/runs/20260225_222731/parallel-results/Parallel_MELTS_KCP109C_dP25.0_02-25_11cores.xlsx,feldspar_1,feldspar_1
1018,804,75,0,6.639372042711805,2.52073369114199,-106.7637238803112,-91.43866391848168,14.22741490213016,7.935560370600508,0.2633904591366775,2.889583844925617e-05,1.812424645104857e-06,-6.670064319462495e-10,2.507355734486325e-12,7.16475386273753e-12,Success,66.21761963345749,0,19.40960375959458,0,0,0,0,0,0,0,0.5622741279091504,6.11071156125628,7.699790917782508,0,0,0,0,0,0,KCP109C,/Users/lopezama/PycharmProjects/sci-cluster/review_outputs/rmelts_parity_audit_v2/2026-02-26/kcp109c_phase7_parity_20260225_222731/runs/kcp109c_phase7_parity_liam_exact/runs/20260225_222731/parallel-results/Parallel_MELTS_KCP109C_dP25.0_02-25_11cores.xlsx,feldspar_1,feldspar_1
1019,803,75,0,17.66437748023956,2.520387244461935,-283.9128731141727,-243.2122087984464,37.82062381241123,21.10528329960339,0.700859660318216,2.885478403739729e-05,1.811808312287574e-06,-1.820215549684494e-09,6.675120740412534e-12,1.919428832802588e-11,Success,66.20454211647876,0,19.39226327449322,0,0,0,0,0,0,0,0.5510194845610955,6.036089716260109,7.816085408206803,0,0,0,0,0,0,KCP109C,/Users/lopezama/PycharmProjects/sci-cluster/review_outputs/rmelts_parity_audit_v2/2026-02-26/kcp109c_phase7_parity_20260225_222731/runs/kcp109c_phase7_parity_liam_exact/runs/20260225_222731/parallel-results/Parallel_MELTS_KCP109C_dP25.0_02-25_11cores.xlsx,feldspar_1,feldspar_1
1020,802,75,0,26.11110504836322,2.520127607380392,-419.5022779078561,-359.4422558990379,55.86199321845145,31.18845582041133,1.036102496234508,2.882360255916319e-05,1.811357459596351e-06,-2.783471880883973e-09,9.871610082854681e-12,2.864504209908019e-11,Success,66.19491607888172,0,19.37816880982065,0,0,0,0,0,0,0,0.5416374924762366,5.977673210880819,7.907604407940573,0,0,0,0,0,0,KCP109C,/Users/lopezama/PycharmProjects/sci-cluster/review_outputs/rmelts_parity_audit_v2/2026-02-26/kcp109c_phase7_parity_20260225_222731/runs/kcp109c_phase7_parity_liam_exact/runs/20260225_222731/parallel-results/Parallel_MELTS_KCP109C_dP25.0_02-25_11cores.xlsx,feldspar_1,feldspar_1
1021,801,75,0,30.59434301729129,2.519967002228843,-491.375600549393,-421.1173020864191,65.40827488057903,36.53666478663679,1.21407712840015,2.880531789961943e-05,1.811125765413151e-06,-3.410646761163301e-09,1.15696412642858e-11,3.400506643081062e-11,Success,66.19026413039468,0,19.36781320133125,0,0,0,0,0,0,0,0.5341794689899664,5.940148231489733,7.967594967794371,0,0,0,0,0,0,KCP109C,/Users/lopezama/PycharmProjects/sci-cluster/review_outputs/rmelts_parity_audit_v2/2026-02-26/kcp109c_phase7_parity_20260225_222731/runs/kcp109c_phase7_parity_liam_exact/runs/20260225_222731/parallel-results/Parallel_MELTS_KCP109C_dP25.0_02-25_11cores.xlsx,feldspar_1,feldspar_1
1022,800,75,0,24.34083895137146,2.553092577167735,-396.8736391039726,-340.6149461383337,52.42388572486501,29.4413611107831,0.9533864603677586,3.009269636789225e-05,1.816180694863777e-06,-6.806204396597102e-09,8.727065650956301e-12,3.969191519817693e-11,Success,65.50706189171161,0,20.94255124829914,0,0,0,0,0,0,0,1.99276905759919,8.546860627829263,3.010757174560799,0,0,0,0,0,0,KCP109C,/Users/lopezama/PycharmProjects/sci-cluster/review_outputs/rmelts_parity_audit_v2/2026-02-26/kcp109c_phase7_parity_20260225_222731/runs/kcp109c_phase7_parity_liam_exact/runs/20260225_222731/parallel-results/Parallel_MELTS_KCP109C_dP25.0_02-25_11cores.xlsx,feldspar_1,feldspar_1
1023,799,75,0,24.25652305663957,2.553368335948078,-395.4751854648437,-339.4926056396669,52.21524956878873,29.34145364569769,0.9499813526759745,3.010441193733333e-05,1.816196811979676e-06,-7.060555213724894e-09,8.691594594463594e-12,4.038314740220079e-11,Success,65.49922166474612,0,20.95305957601548,0,0,0,0,0,0,0,2.003267930117904,8.556941867194848,2.987508961925652,0,0,0,0,0,0,KCP109C,/Users/lopezama/PycharmProjects/sci-cluster/review_outputs/rmelts_parity_audit_v2/2026-02-26/kcp109c_phase7_parity_20260225_222731/runs/kcp109c_phase7_parity_liam_exact/runs/20260225_222731/parallel-results/Parallel_MELTS_KCP109C_dP25.0_02-25_11cores.xlsx,feldspar_1,feldspar_1
1099,828,50,0,5.441002603303644,2.523731439535669,-88.12463069160421,-75.09204860213434,11.83542849699847,6.526685093096288,0.2155935658631218,2.916088915669685e-05,1.815553569740485e-06,3.504866562831759e-11,2.042054646639157e-12,4.128231464150476e-12,Success,66.18214156006088,0,19.68173194260129,0,0,0,0,0,0,0,0.7950609197815008,6.745250412147603,6.595815165408744,0,0,0,0,0,0,KCP109C,/Users/lopezama/PycharmProjects/sci-cluster/review_outputs/rmelts_parity_audit_v2/2026-02-26/kcp109c_phase7_parity_20260225_222731/runs/kcp109c_phase7_parity_liam_exact/runs/20260225_222731/parallel-results/Parallel_MELTS_KCP109C_dP25.0_02-25_11cores.xlsx,feldspar_1,feldspar_1
1100,827,50,0,18.14777775283538,2.522569183644567,-293.6548015847157,-250.274969916261,39.43083367582124,21.75186147734544,0.7194164532928992,2.90731420671516e-05,1.814356921441293e-06,1.455193620641222e-10,6.823769284366615e-12,1.367503295138907e-11,Success,66.16989560864337,0,19.63051629312369,0,0,0,0,0,0,0,0.7556648861283037,6.583649314213086,6.860273897891547,0,0,0,0,0,0,KCP109C,/Users/lopezama/PycharmProjects/sci-cluster/review_outputs/rmelts_parity_audit_v2/2026-02-26/kcp109c_phase7_parity_20260225_222731/runs/kcp109c_phase7_parity_liam_exact/runs/20260225_222731/parallel-results/Parallel_MELTS_KCP109C_dP25.0_02-25_11cores.xlsx,feldspar_1,feldspar_1
1101,826,50,0,26.44033700796685,2.521797256171015,-427.5390379285524,-364.4555762976748,57.39295058079205,31.67314590091306,1.048471955596965,2.901006873919944e-05,1.813500442264653e-06,2.116384164697753e-10,9.9545408501167e-12,1.991775854503531e-11,Success,66.15943366890167,0,19.59523645911577,0,0,0,0,0,0,0,0.728999792135806,6.467814048136273,7.048516031710466,0,0,0,0,0,0,KCP109C,/Users/lopezama/PycharmProjects/sci-cluster/review_outputs/rmelts_parity_audit_v2/2026-02-26/kcp109c_phase7_parity_20260225_222731/runs/kcp109c_phase7_parity_liam_exact/runs/20260225_222731/parallel-results/Parallel_MELTS_KCP109C_dP25.0_02-25_11cores.xlsx,feldspar_1,feldspar_1
1102,825,50,0,32.05369465895966,2.521263709104763,-518.0226822790988,-441.6809468315904,69.51849514866677,38.38102416971436,1.271334471805058,2.896430697173869e-05,1.812901064855226e-06,2.196789393580594e-10,1.207875819078081e-11,2.425205199454899e-11,Success,66.15177015794853,0,19.56954754751201,0,0,0,0,0,0,0,0.709594337662864,6.383367110390948,7.185720846485626,0,0,0,0,0,0,KCP109C,/Users/lopezama/PycharmProjects/sci-cluster/review_outputs/rmelts_parity_audit_v2/2026-02-26/kcp109c_phase7_parity_20260225_222731/runs/kcp109c_phase7_parity_liam_exact/runs/20260225_222731/parallel-results/Parallel_MELTS_KCP109C_dP25.0_02-25_11cores.xlsx,feldspar_1,feldspar_1
1103,824,50,0,21.66395594739953,2.547264703384946,-354.0845290323714,-302.2721997174172,47.22447187253731,26.17747109274029,0.850479179435544,2.981769287744119e-05,1.81441277643204e-06,-1.519649894254205e-09,7.842056168870255e-12,2.168025022893138e-11,Success,65.53962284149873,0,20.81924121168035,0,0,0,0,0,0,0,1.883439425523197,8.296073934713124,3.461622586584596,0,0,0,0,0,0,KCP109C,/Users/lopezama/PycharmProjects/sci-cluster/review_outputs/rmelts_parity_audit_v2/2026-02-26/kcp109c_phase7_parity_20260225_222731/runs/kcp109c_phase7_parity_liam_exact/runs/20260225_222731/parallel-results/Parallel_MELTS_KCP109C_dP25.0_02-25_11cores.xlsx,feldspar_1,feldspar_1
1104,823,50,0,21.33774397038893,2.547791207148816,-348.7571287152301,-297.7968163997267,46.49027260457373,25.7847934272517,0.8374997099651502,2.982364814533199e-05,1.81419605838781e-06,-1.635952937984633e-09,7.717196973224746e-12,2.177945864478064e-11,Success,65.518018460497,0,20.84425698942946,0,0,0,0,0,0,0,1.909118743313464,8.313519500219657,3.415086306540442,0,0,0,0,0,0,KCP109C,/Users/lopezama/PycharmProjects/sci-cluster/review_outputs/rmelts_parity_audit_v2/2026-02-26/kcp109c_phase7_parity_20260225_222731/runs/kcp109c_phase7_parity_liam_exact/runs/20260225_222731/parallel-results/Parallel_MELTS_KCP109C_dP25.0_02-25_11cores.xlsx,feldspar_1,feldspar_1
1105,822,50,0,21.19130082881106,2.548203459595991,-346.3571115196982,-295.8177539202314,46.14834278360661,25.60897328386299,0.8316173007696515,2.983033397507473e-05,1.814092384953959e-06,-1.764398848606085e-09,7.658890692764219e-12,2.205556721941616e-11,Success,65.50318205225398,0,20.86252340048427,0,0,0,0,0,0,0,1.92765056369536,8.328351179203747,3.378292804362624,0,0,0,0,0,0,KCP109C,/Users/lopezama/PycharmProjects/sci-cluster/review_outputs/rmelts_parity_audit_v2/2026-02-26/kcp109c_phase7_parity_20260225_222731/runs/kcp109c_phase7_parity_liam_exact/runs/20260225_222731/parallel-results/Parallel_MELTS_KCP109C_dP25.0_02-25_11cores.xlsx,feldspar_1,feldspar_1
